Date,Open,High,Low,Close,Volume,Change
2022-01-24,13338,17340,13338,17340,9368221,
2022-01-25,18840,19341,13205,13339,11907450,-0.23073817762399074
2022-01-26,14138,15939,12705,13956,19969395,0.04625534147987098
2022-01-27,13605,14922,12721,12872,4237536,-0.07767268558326168
2022-01-28,12571,12888,10937,11121,2542531,-0.13603169670602855
2022-02-03,11804,12304,11204,11521,2552124,0.03596798849024374
2022-02-04,11321,11654,11171,11521,1486720,0.0
2022-02-07,11838,11971,11471,11505,1057811,-0.0013887683360819247
2022-02-08,11271,11838,11071,11338,1315009,-0.014515428074750147
2022-02-09,11421,11604,11137,11138,620250,-0.01763979537837357
2022-02-10,11304,11437,10770,10804,640066,-0.029987430418387473
2022-02-11,10454,10704,10004,10004,572863,-0.0740466493891151
2022-02-14,9670,9737,8936,9020,586904,-0.09836065573770492
2022-02-15,9020,9120,8636,8653,327115,-0.0406873614190687
2022-02-16,8886,9470,8886,9170,762184,0.05974806425517154
2022-02-17,9253,9887,9053,9437,943467,0.029116684841875573
2022-02-18,9203,9537,9086,9254,248786,-0.019391755854614834
2022-02-21,9036,9120,8786,9070,272525,-0.019883293710827754
2022-02-22,8770,8870,8620,8620,269352,-0.04961411245865488
2022-02-23,8470,8620,8153,8170,866488,-0.05220417633410668
2022-02-24,8036,8036,7503,7503,1151074,-0.08164014687882493
2022-02-25,7669,7819,7536,7570,358053,0.008929761428761784
2022-02-28,7469,7703,7452,7586,263561,0.0021136063408189187
2022-03-02,7586,7753,7569,7703,239322,0.015423147904033652
2022-03-03,7819,8053,7686,8003,556520,0.038945865247306255
2022-03-04,7903,7903,7736,7803,276240,-0.02499062851430711
2022-03-07,7719,7936,7586,7736,168137,-0.008586441112392706
2022-03-08,7703,7819,7569,7636,154585,-0.01292657704239919
2022-03-10,7769,7969,7703,7770,215401,0.01754845468831845
2022-03-11,7753,8203,7686,7953,614823,0.02355212355212366
2022-03-14,7953,8103,7636,7670,341530,-0.0355840563309443
2022-03-15,7669,7853,7619,7620,309752,-0.006518904823989535
2022-03-16,7669,7869,7636,7703,228871,0.01089238845144358
2022-03-17,7836,8786,7753,8637,2509781,0.12125146046994684
2022-03-18,8536,8636,8336,8387,587564,-0.028945235614217912
2022-03-21,8503,8703,8403,8487,663388,0.011923214498628765
2022-03-22,8553,9053,8536,8870,1157782,0.04512784258277369
2022-03-23,9103,10570,9020,10254,5534081,0.15603156708004517
2022-03-24,10070,10837,9937,10554,2395470,0.029256875365710977
2022-03-25,10537,10770,10254,10638,877520,0.007959067652075102
2022-03-28,10587,11171,10504,11171,1493422,0.050103402895281146
2022-03-29,11171,11187,10554,11004,784159,-0.014949422612120622
2022-03-30,10887,11137,10670,10921,459554,-0.0075427117411850375
2022-03-31,10921,10921,10704,10771,348616,-0.013735005951835966
2022-04-01,10704,10720,10204,10554,585257,-0.020146690186612193
2022-04-04,10620,10987,10387,10788,434727,0.022171688459351913
2022-04-05,10720,10871,10187,10237,580231,-0.051075268817204256
2022-04-06,10137,10370,9970,10237,367326,0.0
2022-04-07,10204,10204,9737,9737,255192,-0.04884243430692581
2022-04-08,9737,10437,9737,10171,481310,0.04457225017972677
2022-04-11,10170,10437,9820,9904,297562,-0.02625110608593062
2022-04-12,9870,9903,9270,9420,341464,-0.048869143780290836
2022-04-13,9503,9570,9387,9437,142689,0.0018046709129511118
2022-04-14,9387,9520,9337,9370,121556,-0.007099713892126713
2022-04-15,9303,9437,9103,9370,77942,0.0
2022-04-18,9370,9370,9120,9220,94837,-0.016008537886872953
2022-04-19,9187,9353,9153,9304,75645,0.009110629067245135
2022-04-20,9337,9870,9337,9704,344340,0.042992261392949205
2022-04-21,9587,9670,9503,9571,105066,-0.01370568837592745
2022-04-22,9637,9753,9520,9621,204176,0.0052241145125901944
2022-04-25,9136,9270,8286,8320,962266,-0.13522502858330732
2022-04-26,8420,8453,8136,8337,368486,0.0020432692307692513
2022-04-27,8036,8236,7969,8120,175583,-0.026028547439126748
2022-04-28,8303,8520,8053,8053,232743,-0.008251231527093617
2022-04-29,8053,8353,8036,8070,228937,0.0021110145287470683
2022-05-02,7953,8219,7836,8103,192241,0.004089219330855043
2022-05-03,8269,8570,8153,8403,405030,0.03702332469455749
2022-05-04,8470,8470,8153,8203,134727,-0.02380102344400814
2022-05-06,7986,8103,7953,7970,108494,-0.028404242350359654
2022-05-09,7969,7969,7519,7586,213604,-0.04818067754077793
2022-05-10,7302,7503,7136,7503,216330,-0.010941207487476956
2022-05-11,7503,7586,7336,7420,88375,-0.011062241769958736
2022-05-12,7386,7402,6936,6936,210165,-0.06522911051212943
2022-05-13,6936,7086,6869,6903,145952,-0.004757785467128017
2022-05-16,7002,7286,7002,7153,166550,0.03621613791105327
2022-05-17,7269,7402,7202,7403,85430,0.03495037047392713
2022-05-18,7469,7469,7236,7236,110836,-0.022558422261245492
2022-05-19,7052,7102,6969,7103,80929,-0.018380320619126644
2022-05-20,7102,7553,7102,7520,179580,0.058707588342953754
2022-05-23,7436,7686,7419,7570,122789,0.0066489361702126715
2022-05-24,7619,7953,7519,7536,221875,-0.004491413474240424
2022-05-25,7569,7636,7319,7370,115958,-0.022027600849256923
2022-05-26,7402,7803,7336,7536,118662,0.022523744911804533
2022-05-27,7769,7819,7636,7653,115157,0.015525477707006408
2022-05-30,7803,7803,7686,7736,60558,0.010845420096694092
2022-05-31,7603,7836,7603,7720,93536,-0.0020682523267838704
2022-06-02,7703,7703,7486,7520,73881,-0.025906735751295318
2022-06-03,7619,7636,7519,7536,45732,0.0021276595744681437
2022-06-07,7569,7703,7503,7670,84689,0.017781316348195242
2022-06-08,7553,8169,7553,8003,653654,0.043415906127770576
2022-06-09,7969,8069,7669,7720,158810,-0.03536173934774456
2022-06-10,7669,7886,7586,7736,138844,0.002072538860103723
2022-06-13,7553,7719,7302,7536,225372,-0.02585315408479838
2022-06-14,7202,7536,7086,7436,170899,-0.013269639065817462
2022-06-15,7219,7419,7019,7103,159335,-0.04478214093598709
2022-06-16,7202,7536,7036,7103,168715,0.0
2022-06-17,6952,7069,6719,6969,159482,-0.018865268196536666
2022-06-20,7086,7086,6502,6636,187293,-0.04778303917348259
2022-06-21,6569,7152,6569,7086,269265,0.0678119349005426
2022-06-22,8953,9203,8720,9204,3523957,0.29889923793395434
2022-06-23,9670,9770,7336,7370,5115542,-0.19926119078661453
2022-06-24,7469,7486,7086,7370,1426294,0.0
2022-06-27,7386,7919,7269,7786,1609320,0.05644504748982371
2022-06-28,7686,8069,7519,7870,1445124,0.010788594913948124
2022-06-29,8053,9570,7903,9087,12868082,0.15463786531130874
2022-06-30,8986,10170,8920,9154,12813132,0.007373170463299328
2022-07-01,9503,9703,9053,9337,4191429,0.019991260651081477
2022-07-04,9203,9520,8186,8320,3740974,-0.1089214951269144
2022-07-05,10800,10800,10800,10800,148143,0.29807692307692313
2022-07-06,14000,14000,13100,14000,1648619,0.2962962962962963
2022-07-07,15700,17550,12800,12900,8670772,-0.07857142857142863
2022-07-08,12850,13650,12150,12300,2492898,-0.046511627906976716
2022-07-11,12300,12300,11150,11300,1121607,-0.08130081300813008
2022-07-12,11400,11600,10450,10600,1122126,-0.06194690265486724
2022-07-13,10500,10700,10200,10350,425943,-0.02358490566037741
2022-07-14,10300,10450,9650,9890,673092,-0.0444444444444444
2022-07-15,10000,10550,9700,10150,939595,0.02628918099089983
2022-07-18,10600,12450,10450,11400,4680484,0.12315270935960587
2022-07-19,11300,11500,10550,10750,764935,-0.05701754385964908
2022-07-20,10900,11300,10250,10300,822979,-0.041860465116279055
2022-07-21,10350,10450,10050,10200,331510,-0.009708737864077666
2022-07-22,10100,10250,9750,9800,464834,-0.039215686274509776
2022-07-25,9530,9590,8690,8730,1027626,-0.10918367346938773
2022-07-26,8730,8820,8440,8440,455879,-0.03321878579610538
2022-07-27,8390,8540,8380,8490,265036,0.005924170616113722
2022-07-28,7710,8060,7700,7800,1253394,-0.08127208480565373
2022-07-29,7720,7860,7490,7560,654601,-0.03076923076923077
2022-08-01,7210,7450,7170,7260,2248043,-0.03968253968253965
2022-08-02,7290,7310,6980,6980,1328924,-0.038567493112947604
2022-08-03,7030,7150,6990,7040,756361,0.008595988538681931
2022-08-04,7040,7380,7020,7350,2066600,0.04403409090909083
2022-08-05,7310,7530,7240,7410,1295953,0.008163265306122547
2022-08-08,7440,7470,7110,7260,698771,-0.020242914979757054
2022-08-09,7290,7320,7190,7240,406000,-0.0027548209366391463
2022-08-10,7230,7370,7170,7180,740118,-0.008287292817679592
2022-08-11,7260,7380,7230,7380,470699,0.027855153203342642
2022-08-12,7360,7400,7300,7360,371425,-0.0027100271002710175
2022-08-16,7420,7480,7290,7310,550402,-0.006793478260869512
2022-08-17,7350,7400,7210,7230,406015,-0.01094391244870041
2022-08-18,7170,7920,7170,7580,6423645,0.048409405255878335
2022-08-19,7550,7560,7310,7310,869231,-0.03562005277044855
2022-08-22,7220,7400,7200,7250,424895,-0.008207934336525335
2022-08-23,7160,7280,7030,7030,510311,-0.030344827586206935
2022-08-24,7040,7130,6970,7000,346036,-0.004267425320056861
2022-08-25,7050,7140,7030,7140,244945,0.020000000000000018
2022-08-26,7150,7240,7040,7090,349340,-0.007002801120448154
2022-08-29,6840,6920,6710,6710,407581,-0.053596614950634724
2022-08-30,6760,7040,6760,6850,342164,0.02086438152011927
2022-08-31,6800,7150,6780,7010,306139,0.023357664233576658
2022-09-01,6960,7030,6870,6940,275694,-0.0099857346647646
2022-09-02,6960,6980,6760,6760,238086,-0.025936599423631135
2022-09-05,6750,6870,6510,6550,353567,-0.031065088757396442
2022-09-06,6510,6700,6510,6590,153903,0.006106870229007688
2022-09-07,6530,6560,6260,6330,350849,-0.039453717754172946
2022-09-08,6350,6530,5990,6230,250107,-0.01579778830963663
2022-09-13,6300,6450,6300,6380,209512,0.024077046548956593
2022-09-14,6150,6280,6120,6220,165680,-0.025078369905956133
2022-09-15,6270,6270,6050,6070,270112,-0.024115755627009627
2022-09-16,6010,6070,5880,5940,264341,-0.021416803953871466
2022-09-19,5960,6130,5800,5850,295122,-0.015151515151515138
2022-09-20,5920,6160,5920,6050,365813,0.03418803418803429
2022-09-21,6060,6960,6050,6310,6583223,0.04297520661157028
2022-09-22,6250,6250,5940,6010,633711,-0.047543581616481756
2022-09-23,6040,6390,5980,6020,835448,0.0016638935108153063
2022-09-26,5880,5930,5380,5420,607200,-0.09966777408637872
2022-09-27,5320,5470,5090,5240,454602,-0.03321033210332103
2022-09-28,5210,5310,4800,4910,542150,-0.06297709923664119
2022-09-29,5000,5220,4980,4980,464164,0.014256619144602745
2022-09-30,4880,5000,4800,4890,200984,-0.01807228915662651
2022-10-04,4980,5130,4945,5120,218400,0.04703476482617597
2022-10-05,5180,5310,5000,5010,266707,-0.021484375
2022-10-06,5050,5200,5050,5150,205888,0.027944111776447178
2022-10-07,5120,5570,5080,5140,714588,-0.001941747572815511
2022-10-11,5050,5050,4745,4760,319378,-0.07392996108949412
2022-10-12,4720,4835,4720,4780,176172,0.004201680672268893
2022-10-13,4740,4780,4430,4485,395709,-0.061715481171548126
2022-10-14,4555,5220,4555,4880,1172555,0.08807134894091417
2022-10-17,4775,4875,4630,4825,143483,-0.01127049180327866
2022-10-18,4890,5250,4890,5030,688288,0.042487046632124326
2022-10-19,5060,5110,4925,4945,211287,-0.016898608349900646
2022-10-20,4900,5040,4885,4915,120871,-0.006066734074823055
2022-10-21,4910,4940,4760,4765,112394,-0.030518819938962327
2022-10-24,4825,5180,4825,4980,586475,0.04512067156348376
2022-10-25,5140,5970,5110,5280,8749060,0.06024096385542177
2022-10-26,5340,5410,4990,4990,980283,-0.05492424242424243
2022-10-27,5000,5130,4990,5080,383563,0.018036072144288484
2022-10-28,5010,5220,5010,5110,419149,0.0059055118110236116
2022-10-31,5210,5220,5030,5060,246609,-0.009784735812133127
2022-11-01,5100,5140,5010,5100,171164,0.007905138339920903
2022-11-02,5100,5120,4955,4975,290199,-0.02450980392156865
2022-11-03,4855,4920,4810,4855,148856,-0.024120603015075348
2022-11-04,4805,4880,4730,4765,249261,-0.018537590113285263
2022-11-07,4750,4900,4750,4880,125898,0.02413431269674704
2022-11-08,4895,5100,4895,5020,257202,0.028688524590164022
2022-11-09,5040,5130,5010,5050,232816,0.005976095617529875
2022-11-10,4985,5030,4850,5000,187257,-0.00990099009900991
2022-11-11,5150,5310,5100,5270,581859,0.05400000000000005
2022-11-14,5290,5400,5150,5300,311257,0.005692599620493288
2022-11-15,5290,5380,5280,5370,178394,0.013207547169811429
2022-11-16,5400,5410,5240,5290,163110,-0.014897579143389184
2022-11-17,5260,5350,5120,5200,114888,-0.017013232514177745
2022-11-18,5180,5230,5110,5120,140728,-0.01538461538461533
2022-11-21,5120,5150,4925,4940,197184,-0.03515625
2022-11-22,4900,4970,4885,4935,120493,-0.0010121457489878916
2022-11-23,4960,5250,4960,5150,275522,0.0435663627152989
2022-11-24,5260,5280,5170,5190,108936,0.007766990291262044
2022-11-25,5190,5200,5060,5070,115962,-0.023121387283236983
2022-11-28,5060,5060,4940,4960,107609,-0.021696252465483234
2022-11-29,4915,5000,4910,4995,41679,0.007056451612903247
2022-11-30,4960,5020,4930,5000,65820,0.0010010010010010895
2022-12-01,5090,5230,5080,5160,245649,0.03200000000000003
2022-12-02,5200,5350,5130,5210,219086,0.009689922480620172
2022-12-05,5210,5310,5150,5230,191525,0.0038387715930903177
2022-12-06,5170,5210,5100,5120,123043,-0.021032504780114758
2022-12-07,5080,5350,5020,5280,298052,0.03125
2022-12-08,5340,5700,5250,5260,1384481,-0.0037878787878787845
2022-12-09,5300,5470,5200,5250,352326,-0.0019011406844106071
2022-12-12,5220,5430,5140,5320,243365,0.01333333333333342
2022-12-13,5430,5550,5300,5330,363781,0.001879699248120259
2022-12-14,5350,5650,5350,5610,1103182,0.052532833020637826
2022-12-15,5630,5820,5470,5480,1163383,-0.02317290552584672
2022-12-16,5370,5460,5230,5400,276739,-0.014598540145985384
2022-12-19,5390,5420,5260,5340,163069,-0.011111111111111072
2022-12-20,5270,5320,4995,5020,345403,-0.05992509363295884
2022-12-21,5050,5100,4905,4910,231498,-0.021912350597609542
2022-12-22,4960,5020,4895,4970,145135,0.012219959266802416
2022-12-23,4900,4910,4655,4660,287771,-0.06237424547283699
2022-12-26,4660,4730,4560,4620,100283,-0.008583690987124415
2022-12-27,4580,4730,4580,4705,105801,0.018398268398268414
2022-12-28,4660,4710,4605,4670,83026,-0.007438894792773598
2022-12-29,4660,4725,4565,4605,76507,-0.013918629550321193
2023-01-02,4575,4705,4485,4485,95318,-0.026058631921824116
2023-01-03,4495,4510,4250,4350,224093,-0.030100334448160515
2023-01-04,4330,4515,4305,4475,99774,0.028735632183908066
2023-01-05,4450,4610,4450,4555,97719,0.01787709497206702
2023-01-06,4540,4645,4540,4630,74168,0.016465422612513825
2023-01-09,4660,4735,4630,4685,101975,0.011879049676025932
2023-01-10,4685,4725,4600,4600,79370,-0.018143009605122717
2023-01-11,4665,4735,4650,4700,70083,0.021739130434782705
2023-01-12,4750,4765,4665,4685,61786,-0.0031914893617021045
2023-01-13,4705,4830,4705,4755,149756,0.014941302027748238
2023-01-16,4760,4860,4760,4810,89313,0.011566771819137678
2023-01-17,4810,4850,4675,4690,118616,-0.02494802494802495
2023-01-18,4655,4725,4650,4685,77621,-0.0010660980810234255
2023-01-19,4665,4995,4605,4850,730131,0.03521878335112061
2023-01-20,4815,5670,4815,5400,4798926,0.11340206185567014
2023-01-25,5550,6100,5450,5980,7060514,0.1074074074074074
2023-01-26,6070,6610,5920,6010,6744136,0.0050167224080268635
2023-01-27,6030,6170,5960,6110,969241,0.016638935108153063
2023-01-30,6170,6430,6020,6320,1982358,0.03436988543371533
2023-01-31,6200,6620,6200,6440,2057305,0.018987341772152
2023-02-01,6500,6760,6020,6370,2258716,-0.010869565217391353
2023-02-02,6510,6910,6460,6910,2476588,0.08477237048665609
2023-02-03,7000,7150,6390,6600,2936185,-0.04486251808972508
2023-02-06,6900,7150,6610,6700,3571617,0.015151515151515138
2023-02-07,6600,6600,6390,6440,897213,-0.03880597014925369
2023-02-08,6440,6790,6380,6740,1284059,0.04658385093167694
2023-02-09,6770,7030,6620,6750,1495537,0.0014836795252226587
2023-02-10,6830,7080,6690,6940,1790057,0.028148148148148255
2023-02-13,7000,7080,6690,6690,1005409,-0.03602305475504319
2023-02-14,6770,6790,6290,6400,739393,-0.0433482810164425
2023-02-15,6330,6380,5800,5910,1009682,-0.07656249999999998
2023-02-16,5910,6030,5780,5870,453749,-0.006768189509306244
2023-02-17,5790,5990,5730,5820,349996,-0.008517887563884163
2023-02-20,5820,6090,5750,5920,369139,0.01718213058419238
2023-02-21,6060,6230,5950,6180,590909,0.04391891891891886
2023-02-22,6300,6430,6040,6080,894135,-0.016181229773462813
2023-02-23,6090,6260,6090,6210,323598,0.021381578947368363
2023-02-24,6210,6240,6000,6070,243908,-0.02254428341384862
2023-02-27,5970,6100,5860,6040,162938,-0.0049423393739703725
2023-02-28,6040,6210,6040,6160,215349,0.019867549668874274
2023-03-02,6230,6260,6040,6200,242291,0.006493506493506551
2023-03-03,6190,6580,6130,6540,788290,0.05483870967741944
2023-03-06,6620,6630,6340,6510,484433,-0.004587155963302725
2023-03-07,6590,6590,6340,6360,468392,-0.02304147465437789
2023-03-08,6280,6290,6060,6090,215990,-0.04245283018867929
2023-03-09,6100,6140,5890,5970,214022,-0.019704433497536922
2023-03-10,5910,6320,5740,5740,634034,-0.038525963149078746
2023-03-13,5680,5780,5360,5480,427029,-0.04529616724738672
2023-03-14,5470,5580,5150,5220,291522,-0.04744525547445255
2023-03-15,5270,5400,5180,5230,163817,0.0019157088122605526
2023-03-16,5170,5200,4985,5100,175547,-0.0248565965583174
2023-03-17,5180,5420,5140,5380,163017,0.05490196078431375
2023-03-20,5380,5590,5380,5480,223920,0.018587360594795488
2023-03-21,5500,5560,5270,5290,177080,-0.034671532846715314
2023-03-22,5370,5370,5190,5190,119301,-0.018903591682419618
2023-03-23,5210,5230,5010,5020,226180,-0.032755298651252374
2023-03-24,5060,5150,5010,5150,122153,0.02589641434262946
2023-03-27,5150,5320,4900,5310,291493,0.03106796116504862
2023-03-28,5330,5390,5220,5310,136124,0.0
2023-03-29,5320,5350,5230,5250,96755,-0.011299435028248594
2023-03-30,5270,5290,5180,5250,97712,0.0
2023-03-31,5250,5300,5110,5120,97993,-0.024761904761904763
2023-04-03,5120,5180,5050,5130,78753,0.001953125
2023-04-04,5130,5250,5100,5240,115450,0.021442495126705596
2023-04-05,5260,5280,5180,5250,83302,0.001908396946564972
2023-04-06,5260,5260,5080,5100,121913,-0.02857142857142858
2023-04-07,5100,5140,5000,5010,136135,-0.01764705882352946
2023-04-10,5010,5040,4700,4925,134307,-0.01696606786427146
2023-04-11,4990,4990,4830,4965,78045,0.008121827411167404
2023-04-12,4985,5320,4980,5300,309534,0.06747230614300093
2023-04-13,5200,5270,5090,5130,141012,-0.0320754716981132
2023-04-14,5200,5370,5200,5250,215958,0.023391812865497075
2023-04-17,5280,5310,5190,5240,70375,-0.0019047619047618536
2023-04-18,5230,5240,5100,5110,92537,-0.024809160305343525
2023-04-19,5100,5230,5100,5200,82536,0.017612524461839474
2023-04-20,5140,5170,5010,5050,98665,-0.028846153846153855
2023-04-21,5050,5130,4965,4990,69658,-0.011881188118811892
2023-04-24,5070,5170,5010,5090,159455,0.02004008016032066
2023-04-25,5130,6080,5130,5440,3464306,0.06876227897838905
2023-04-26,5440,5650,5300,5500,503693,0.011029411764705843
2023-04-27,5500,5670,5300,5510,383898,0.0018181818181817189
2023-04-28,5520,5960,5500,5800,719806,0.05263157894736836
2023-05-02,5780,5860,5610,5680,269363,-0.020689655172413834
2023-05-03,5680,5850,5580,5760,316527,0.014084507042253502
2023-05-04,5760,5960,5760,5860,313656,0.01736111111111116
2023-05-08,5820,5890,5480,5490,259168,-0.06313993174061439
2023-05-09,5470,5530,5350,5520,95799,0.005464480874316946
2023-05-10,5470,5510,5370,5370,94376,-0.02717391304347827
2023-05-11,5370,5390,5210,5220,119110,-0.027932960893854775
2023-05-12,5210,5250,5040,5060,203639,-0.03065134099616862
2023-05-15,5070,5150,4985,5070,99163,0.0019762845849802257
2023-05-16,4975,5100,4975,5030,57321,-0.007889546351084853
2023-05-17,4950,5100,4950,5090,69114,0.011928429423459175
2023-05-18,5120,5160,5100,5130,41817,0.007858546168958647
2023-05-19,5160,5180,5110,5130,74674,0.0
2023-05-22,5160,5160,5080,5130,37315,0.0
2023-05-23,5130,5220,5110,5180,77337,0.00974658869395717
2023-05-24,5140,5180,5070,5110,44742,-0.013513513513513487
2023-05-25,5140,5140,5050,5060,54773,-0.009784735812133127
2023-05-26,5060,5100,5010,5020,43981,-0.007905138339920903
2023-05-30,5020,5080,4810,4840,279102,-0.03585657370517925
2023-05-31,4850,4890,4820,4855,42106,0.0030991735537189147
2023-06-01,4900,5050,4855,5040,65934,0.03810504634397538
2023-06-02,5040,5090,4965,4990,43622,-0.009920634920634885
2023-06-05,5020,5030,4970,5020,43365,0.006012024048096087
2023-06-07,5050,5050,4960,4985,25129,-0.006972111553784854
2023-06-08,5000,5000,4950,4965,27390,-0.004012036108325012
2023-06-09,5000,5240,4965,5180,300926,0.043303121852970694
2023-06-12,5220,5220,5040,5110,70453,-0.013513513513513487
2023-06-13,5100,5100,5020,5020,80159,-0.017612524461839585
2023-06-14,4995,5030,4930,4940,95621,-0.015936254980079667
2023-06-15,4980,4990,4895,4905,55048,-0.007085020242915019
2023-06-16,4905,4945,4875,4920,51961,0.003058103975535076
2023-06-19,4945,4945,4795,4845,171890,-0.015243902439024404
2023-06-20,4860,4940,4810,4840,72291,-0.0010319917440660964
2023-06-21,4860,4950,4800,4890,63180,0.010330578512396604
2023-06-22,4805,5150,4805,5000,132931,0.02249488752556239
2023-06-23,4930,4995,4930,4945,42269,-0.01100000000000001
2023-06-26,4880,4940,4880,4890,27747,-0.011122345803842304
2023-06-27,4890,4990,4865,4880,31718,-0.002044989775051076
2023-06-28,4840,4915,4840,4850,48881,-0.006147540983606592
2023-06-29,4875,4910,4780,4795,46903,-0.01134020618556697
2023-06-30,4800,4815,4700,4725,72502,-0.014598540145985384
2023-07-03,4705,4900,4705,4775,52664,0.010582010582010692
2023-07-04,4775,4795,4715,4720,35427,-0.011518324607329822
2023-07-05,4690,4745,4630,4635,52904,-0.018008474576271194
2023-07-06,4610,4635,4520,4550,76710,-0.01833872707659112
2023-07-07,4550,4570,4315,4450,162019,-0.02197802197802201
2023-07-10,4415,4480,4395,4415,46804,-0.00786516853932584
2023-07-11,4415,4590,4415,4470,42800,0.01245753114382775
2023-07-12,4495,4650,4400,4540,89559,0.015659955257270708
2023-07-13,4570,4710,4515,4650,85454,0.02422907488986792
2023-07-14,4660,4670,4410,4540,53222,-0.023655913978494647
2023-07-17,4540,4540,4440,4475,28592,-0.014317180616740033
2023-07-18,4455,4495,4415,4420,42279,-0.012290502793296132
2023-07-19,4405,4450,4395,4410,31539,-0.002262443438914019
2023-07-20,4400,4485,4390,4480,45436,0.015873015873015817
2023-07-21,4480,4480,4395,4410,44534,-0.015625
2023-07-24,4380,4400,4225,4250,109663,-0.03628117913832196
2023-07-25,4205,4225,4060,4065,106027,-0.04352941176470593
2023-07-26,3980,4080,3805,3915,202440,-0.03690036900369009
2023-07-27,3840,4155,3840,4090,85944,0.04469987228607919
2023-07-28,4090,4165,4060,4160,22636,0.017114914425427896
2023-07-31,4200,4300,4100,4250,51740,0.02163461538461542
2023-08-01,4250,4495,4250,4410,119322,0.03764705882352937
2023-08-02,4365,4500,4265,4275,35061,-0.030612244897959218
2023-08-03,4205,4395,4180,4295,36609,0.004678362573099504
2023-08-04,4400,4400,4225,4345,33373,0.011641443538998875
2023-08-07,4265,4365,4260,4340,17494,-0.0011507479861909697
2023-08-08,4285,4400,4265,4330,33307,-0.0023041474654378336
2023-08-09,4285,4405,4285,4380,19222,0.011547344110854452
2023-08-10,4490,4590,4335,4570,69057,0.04337899543378998
2023-08-11,4820,4820,4525,4635,82846,0.01422319474835887
2023-08-14,4635,4650,4520,4570,31385,-0.014023732470334394
2023-08-16,4515,4525,4350,4425,36597,-0.03172866520787743
2023-08-17,4420,4500,4295,4430,66834,0.001129943502824915
2023-08-18,4385,4385,4215,4230,48429,-0.04514672686230248
2023-08-21,4185,4350,4180,4280,21038,0.011820330969267046
2023-08-22,4285,4410,4275,4340,44427,0.014018691588784993
2023-08-23,4270,4335,4235,4235,38319,-0.024193548387096753
2023-08-24,4200,4315,4200,4280,21083,0.010625737898465104
2023-08-25,4280,4300,4230,4300,18463,0.004672897196261738
2023-08-28,4270,4365,4270,4290,56403,-0.0023255813953488857
2023-08-29,4330,4400,4310,4375,49741,0.019813519813519864
2023-08-30,4390,4480,4365,4405,52934,0.006857142857142895
2023-08-31,4380,4385,4250,4265,57704,-0.03178206583427923
2023-09-01,4295,4350,4250,4255,28675,-0.0023446658851113966
2023-09-04,4255,4300,4205,4300,27659,0.010575793184488758
2023-09-05,4300,4625,4300,4440,163727,0.032558139534883734
2023-09-06,4440,4440,4305,4355,79990,-0.019144144144144115
2023-09-07,4310,4350,4030,4115,146087,-0.05510907003444321
2023-09-08,4155,4240,4060,4150,61811,0.008505467800729027
2023-09-11,4120,4225,4100,4155,34402,0.00120481927710836
2023-09-12,4155,4205,4045,4080,56157,-0.018050541516245522
2023-09-13,4030,4120,4020,4055,20993,-0.006127450980392135
2023-09-14,4050,4090,4040,4075,34132,0.004932182490752224
2023-09-15,4035,4170,4035,4060,39361,-0.0036809815950920033
2023-09-18,4060,4150,4035,4070,23026,0.0024630541871921707
2023-09-19,4060,4090,4010,4015,21669,-0.013513513513513487
2023-09-20,4005,4040,3960,3965,36495,-0.012453300124533051
2023-09-21,3930,4000,3880,3935,52783,-0.007566204287515754
2023-09-22,3870,3895,3800,3850,49215,-0.021601016518424387
2023-09-25,3790,3885,3760,3805,46007,-0.011688311688311637
2023-09-26,3750,3825,3525,3650,112151,-0.04073587385019706
2023-09-27,3580,3760,3580,3690,14832,0.010958904109588996
2023-10-04,3580,3790,3540,3660,40224,-0.008130081300813052
2023-10-05,3610,3660,3535,3560,61139,-0.02732240437158473
2023-10-06,3520,3615,3520,3615,15092,0.015449438202247201
2023-10-10,3615,3650,3500,3525,31605,-0.024896265560165998
2023-10-11,3490,3595,3490,3560,18389,0.0099290780141843
2023-10-12,3570,3670,3570,3670,22254,0.030898876404494402
2023-10-13,3615,3650,3585,3650,16957,-0.00544959128065392
2023-10-16,3575,3580,3430,3515,53213,-0.03698630136986303
2023-10-17,3515,3590,3505,3560,27612,0.012802275960170695
2023-10-18,3560,3595,3515,3525,11581,-0.0098314606741573
2023-10-19,3505,3505,3370,3415,37611,-0.031205673758865293
2023-10-20,3350,3415,3205,3205,72019,-0.061493411420204924
2023-10-23,3155,3340,3155,3200,52024,-0.0015600624024960652
2023-10-24,3205,3380,3205,3380,47395,0.05624999999999991
2023-10-25,3380,3480,3365,3465,27054,0.025147928994082802
2023-10-26,3460,3600,3355,3530,79858,0.018759018759018753
2023-10-27,3465,3975,3440,3730,229202,0.056657223796033884
2023-10-30,3700,3700,3595,3605,29513,-0.03351206434316356
2023-10-31,3605,3745,3460,3730,44990,0.03467406380027738
2023-11-01,3675,3950,3625,3930,109401,0.0536193029490617
2023-11-02,3900,3985,3885,3925,48186,-0.0012722646310432406
2023-11-03,3905,3945,3860,3920,14799,-0.001273885350318471
2023-11-06,3920,3950,3880,3950,29387,0.007653061224489832
2023-11-07,3905,3980,3780,3940,34967,-0.0025316455696202667
2023-11-08,3940,3990,3885,3895,27798,-0.011421319796954266
2023-11-09,3900,4040,3865,3935,44999,0.010269576379974277
2023-11-10,3895,3925,3760,3795,18381,-0.03557814485387545
2023-11-13,3805,3870,3655,3710,25986,-0.022397891963109373
2023-11-14,3670,3835,3670,3780,29288,0.018867924528301883
2023-11-15,3815,3880,3765,3880,33184,0.02645502645502651
2023-11-16,3840,3920,3800,3800,20310,-0.020618556701030966
2023-11-17,3780,3840,3755,3805,12854,0.001315789473684159
2023-11-20,3805,3885,3800,3860,9502,0.014454664914586024
2023-11-21,3880,4895,3850,4560,6763488,0.18134715025906734
2023-11-22,4810,5250,4630,4965,7669567,0.08881578947368429
2023-11-23,5010,5040,4780,4960,1192344,-0.001007049345417954
2023-11-24,5120,5170,4700,4710,1109911,-0.050403225806451624
2023-11-27,4630,4715,4495,4530,522835,-0.03821656050955413
2023-11-28,4480,4515,4365,4365,503885,-0.03642384105960261
2023-11-29,4320,5500,4300,5110,11288589,0.17067583046964496
2023-11-30,5010,5060,4700,4740,1495356,-0.07240704500978479
2023-12-01,4785,5370,4760,5070,3689589,0.06962025316455689
2023-12-04,5510,6590,5500,6590,9070893,0.29980276134122286
2023-12-05,6250,6400,6100,6250,1754866,-0.0515933232169955
2023-12-06,6320,6810,6200,6750,1270894,0.08000000000000007
2023-12-07,6540,6960,6540,6940,957460,0.028148148148148255
2023-12-08,6710,7280,6090,6950,4705213,0.0014409221902016434
2023-12-11,6700,7760,6560,7290,13622172,0.048920863309352525
2023-12-12,7130,8800,6860,7800,20918129,0.06995884773662553
2023-12-13,7730,8210,7410,7670,5075596,-0.01666666666666672
2023-12-14,7610,7670,6820,7210,2788616,-0.059973924380704036
2023-12-15,7050,7990,6910,7320,8282032,0.015256588072122046
2023-12-18,7210,7760,7140,7480,2914424,0.021857923497267784
2023-12-19,7800,8450,7430,7590,6063517,0.014705882352941124
2023-12-20,7580,7880,7020,7130,1691130,-0.06060606060606055
2023-12-21,7200,7340,6910,6960,884598,-0.02384291725105192
2023-12-22,6690,6760,6130,6350,1230918,-0.08764367816091956
2023-12-26,6300,6300,6070,6120,758567,-0.03622047244094484
2023-12-27,6400,6430,5910,6080,798049,-0.006535947712418277
2023-12-28,6010,6440,5940,6310,714118,0.03782894736842102
2024-01-02,6370,6370,5980,6120,505453,-0.030110935023771823
2024-01-03,6050,6270,5980,6050,337017,-0.011437908496731986
2024-01-04,5970,5980,5750,5770,329584,-0.046280991735537236
2024-01-05,5810,5830,5550,5630,350696,-0.024263431542461023
2024-01-08,5670,5680,5480,5530,346567,-0.017761989342806372
2024-01-09,5600,5810,5440,5700,482003,0.030741410488245968
2024-01-10,5830,5830,5400,5580,628119,-0.021052631578947323
2024-01-11,5830,6070,5630,5780,1378730,0.03584229390680993
2024-01-12,5750,5770,5410,5600,485602,-0.03114186851211076
2024-01-15,5510,5580,5410,5440,209702,-0.02857142857142858
2024-01-16,5440,5540,5330,5380,199043,-0.011029411764705843
2024-01-17,5350,5450,5140,5200,212016,-0.03345724907063197
2024-01-18,5180,5400,5170,5330,220006,0.02499999999999991
2024-01-19,5260,5470,5170,5220,249855,-0.0206378986866792
2024-01-22,5220,5290,5030,5100,215342,-0.02298850574712641
2024-01-23,5140,5360,5050,5270,282833,0.03333333333333344
2024-01-24,5340,5430,5130,5250,224797,-0.003795066413662229
2024-01-25,5240,5290,5030,5220,246463,-0.005714285714285672
2024-01-26,5260,5470,5220,5380,304254,0.03065134099616862
2024-01-29,5370,5370,5090,5120,186086,-0.048327137546468446
2024-01-30,5140,5310,5100,5200,130996,0.015625
2024-01-31,5140,5280,5090,5160,155282,-0.007692307692307665
2024-02-01,5060,5120,4925,5040,169314,-0.023255813953488413
2024-02-02,5030,6320,5020,5980,11539876,0.1865079365079365
2024-02-05,5860,6120,5710,6040,2597363,0.010033444816053505
2024-02-06,5870,6030,5530,5570,1973762,-0.07781456953642385
2024-02-07,5410,5590,5350,5430,613466,-0.025134649910233398
2024-02-08,5430,5540,5220,5240,416926,-0.03499079189686927
2024-02-13,5400,5550,5320,5350,400834,0.020992366412213803
2024-02-14,5220,5310,5120,5210,404505,-0.0261682242990654
2024-02-15,5300,6120,5250,5790,7986962,0.1113243761996161
2024-02-16,5740,5770,5560,5750,908679,-0.006908462867012077
2024-02-19,5670,5850,5570,5670,665721,-0.013913043478260834
2024-02-20,5780,5940,5630,5710,899168,0.007054673721340388
2024-02-21,5720,5740,5480,5580,454721,-0.02276707530647981
2024-02-22,5600,5680,5410,5420,284732,-0.028673835125448077
2024-02-23,5390,5640,5300,5410,281323,-0.0018450184501844769
2024-02-26,5420,5680,5320,5610,305664,0.0369685767097967
2024-02-27,5750,5950,5570,5770,1849492,0.028520499108734443
2024-02-28,6020,6740,5770,5810,14491593,0.006932409012131657
2024-02-29,6000,6130,5840,5900,1781924,0.015490533562822817
2024-03-04,5800,6050,5620,5950,818476,0.008474576271186418
2024-03-05,6040,6620,5730,5770,5747073,-0.030252100840336138
2024-03-06,5630,5800,5450,5740,672834,-0.005199306759098743
2024-03-07,5720,5750,5520,5520,467553,-0.0383275261324042
2024-03-08,5460,5630,5440,5570,309058,0.009057971014492683
2024-03-11,5580,5820,5580,5760,427406,0.03411131059245953
2024-03-12,5860,5960,5630,5680,404675,-0.01388888888888884
2024-03-13,5650,5680,5450,5460,398057,-0.03873239436619713
2024-03-14,5460,5540,5310,5310,211946,-0.027472527472527486
2024-03-15,5250,5300,5080,5130,215884,-0.03389830508474578
2024-03-18,5150,5270,5150,5270,110344,0.02729044834308003
2024-03-19,5260,5270,5160,5160,98395,-0.020872865275142316
2024-03-20,5150,5200,5100,5140,117616,-0.003875968992248069
2024-03-21,5200,5290,5170,5220,110663,0.015564202334630295
2024-03-22,5200,5240,5100,5120,106624,-0.019157088122605415
2024-03-25,5110,5110,4810,4810,355573,-0.060546875
2024-03-26,4810,4885,4690,4815,175413,0.0010395010395010118
2024-03-27,4815,4845,4685,4685,127481,-0.02699896157840087
2024-03-28,4560,4685,4560,4585,175760,-0.021344717182497308
2024-03-29,4540,4675,4540,4555,103444,-0.0065430752453653485
2024-04-01,4560,4870,4560,4780,105837,0.04939626783754125
2024-04-02,4810,4810,4585,4605,121708,-0.03661087866108792
2024-04-03,4600,4600,4435,4455,123378,-0.032573289902280145
2024-04-04,4455,4520,4395,4430,81666,-0.0056116722783389195
2024-04-05,4420,4460,4330,4450,104843,0.004514672686230181
2024-04-08,4450,4500,4330,4410,102219,-0.008988764044943864
2024-04-09,4350,4460,4350,4355,67978,-0.012471655328798237
2024-04-11,4360,4395,4260,4360,56019,0.0011481056257176547
2024-04-12,4360,4550,4355,4510,78760,0.034403669724770714
2024-04-15,4430,4490,4320,4360,102733,-0.03325942350332589
2024-04-16,4320,4350,4170,4225,136328,-0.03096330275229353
2024-04-17,4230,4385,4140,4300,65310,0.01775147928994092
2024-04-18,4295,4345,4210,4330,48017,0.006976744186046435
2024-04-19,4290,4320,4110,4200,44788,-0.03002309468822173
2024-04-22,4260,4355,4215,4300,43506,0.023809523809523725
2024-04-23,4300,4345,4190,4190,67561,-0.025581395348837188
2024-04-24,4215,4320,4210,4265,47367,0.017899761336515496
2024-04-25,4300,4320,4240,4300,43523,0.008206330597889888
2024-04-26,4300,4350,4205,4285,48810,-0.0034883720930232176
2024-04-29,4320,4400,4290,4385,80822,0.023337222870478458
2024-04-30,4380,4465,4330,4370,40799,-0.0034207525655644
2024-05-02,4370,4400,4250,4335,57440,-0.008009153318077833
2024-05-03,4315,4400,4270,4305,37970,-0.00692041522491349
2024-05-07,4330,4405,4300,4335,57041,0.006968641114982521
2024-05-08,4295,4355,4285,4325,31300,-0.0023068050749711633
2024-05-09,4310,4340,4215,4250,46109,-0.017341040462427793
2024-05-10,4255,4295,4185,4240,48825,-0.0023529411764705577
2024-05-13,4195,4220,4080,4130,66072,-0.02594339622641506
2024-05-14,4130,4225,4050,4225,61429,0.02300242130750596
2024-05-16,4225,4300,4200,4240,48155,0.0035502958579882726
2024-05-17,4235,4275,4120,4125,48130,-0.027122641509433998
2024-05-20,4125,4160,4030,4050,60781,-0.018181818181818188
2024-05-21,4015,4230,4015,4170,76527,0.029629629629629672
2024-05-22,4185,4200,4065,4095,32281,-0.017985611510791366
2024-05-23,4090,4090,4010,4065,21270,-0.0073260073260073
2024-05-24,4030,4070,4000,4000,55702,-0.01599015990159902
2024-05-27,4000,4020,3830,3965,174845,-0.008750000000000036
2024-05-28,3935,4050,3880,3885,74479,-0.020176544766708715
2024-05-29,3855,3880,3805,3825,54514,-0.015444015444015413
2024-05-30,3825,3845,3765,3770,42020,-0.01437908496732021
2024-05-31,3760,3965,3760,3965,47934,0.051724137931034475
2024-06-03,3965,3985,3900,3930,57577,-0.008827238335435084
2024-06-04,3880,3970,3820,3820,48630,-0.027989821882951627
2024-06-05,3735,3830,3735,3830,79674,0.002617801047120505
2024-06-07,3790,3850,3760,3805,33394,-0.00652741514360311
2024-06-10,3800,3940,3740,3915,57917,0.028909329829172048
2024-06-11,3880,3920,3860,3865,44789,-0.012771392081736943
2024-06-12,3815,3895,3815,3830,24651,-0.009055627425614499
2024-06-13,3800,3900,3800,3830,37560,0.0
2024-06-14,3835,3835,3655,3735,110211,-0.024804177545691863
2024-06-17,3735,3760,3625,3670,55021,-0.01740294511378848
2024-06-18,3620,3665,3505,3605,91532,-0.017711171662125325
2024-06-19,3605,3630,3565,3630,56012,0.006934812760055475
2024-06-20,3630,3675,3630,3650,32436,0.005509641873278293
2024-06-21,3650,3695,3510,3510,58065,-0.0383561643835616
2024-06-24,3430,3565,3430,3510,50985,0.0
2024-06-25,3510,3605,3485,3605,34174,0.027065527065527117
2024-06-26,3530,3620,3405,3480,49148,-0.03467406380027738
2024-06-27,3480,3505,3430,3460,27292,-0.005747126436781658
2024-06-28,3415,3490,3310,3485,36177,0.007225433526011571
2024-07-01,3480,3560,3460,3510,29428,0.007173601147776099
2024-07-02,3510,3530,3400,3420,41403,-0.02564102564102566
2024-07-03,3455,3455,3325,3395,53742,-0.007309941520467822
2024-07-04,3380,3395,3295,3355,64817,-0.01178203240058906
2024-07-05,3325,3385,3325,3330,32813,-0.007451564828613977
2024-07-08,3330,3485,3320,3485,50153,0.04654654654654644
2024-07-09,3455,3475,3405,3430,23723,-0.015781922525107572
2024-07-10,3430,3485,3355,3470,38265,0.011661807580174877
2024-07-11,3470,3505,3440,3455,23753,-0.004322766570605152
2024-07-12,3490,3800,3310,3655,301915,0.05788712011577424
2024-07-15,3665,4370,3665,3850,6131317,0.05335157318741457
2024-07-16,3820,4530,3760,4100,6172207,0.06493506493506485
2024-07-17,4100,4230,3990,3990,685238,-0.02682926829268295
2024-07-18,3935,4000,3765,3805,367062,-0.04636591478696739
2024-07-19,3850,3865,3635,3715,197446,-0.023653088042049908
2024-07-22,3810,3880,3600,3615,390544,-0.026917900403768513
2024-07-23,3615,3720,3550,3565,239147,-0.013831258644536604
2024-07-24,3550,4350,3510,4095,5076143,0.1486676016830295
2024-07-25,4010,4100,3865,3865,601485,-0.05616605616605619
2024-07-26,3890,4275,3880,3950,1646178,0.02199223803363526
2024-07-29,3905,4100,3900,3980,493969,0.0075949367088608
2024-07-30,3920,3920,3720,3820,245744,-0.04020100502512558
2024-07-31,3775,3780,3625,3705,198736,-0.030104712041884807
2024-08-01,3720,3790,3680,3715,100694,0.0026990553306343035
2024-08-02,3630,3660,3525,3565,152309,-0.04037685060565277
2024-08-05,3445,3535,2735,2935,405876,-0.17671809256661997
2024-08-06,2820,3240,2820,3210,305555,0.09369676320272569
2024-08-07,3155,3370,3155,3315,115457,0.032710280373831724
2024-08-08,3315,3315,3170,3295,58524,-0.006033182503770718
2024-08-09,3460,3500,3355,3390,95479,0.028831562974203306
2024-08-12,3385,3420,3320,3360,59245,-0.008849557522123908
2024-08-13,3355,3395,3250,3305,70839,-0.016369047619047672
2024-08-14,3315,3410,3315,3400,62568,0.02874432677760974
2024-08-16,3410,3430,3300,3360,65798,-0.0117647058823529
2024-08-19,3490,3490,3270,3330,44759,-0.008928571428571397
2024-08-20,3335,3420,3310,3420,49338,0.027027027027026973
2024-08-21,3410,3410,3300,3345,51094,-0.021929824561403466
2024-08-22,3365,3400,3315,3365,40981,0.005979073243647326
2024-08-23,3365,3365,3305,3365,23243,0.0
2024-08-26,3370,3405,3310,3310,45503,-0.01634472511144136
2024-08-27,3310,3390,3230,3255,47227,-0.0166163141993958
2024-08-28,3225,3285,3180,3205,43821,-0.015360983102918557
2024-08-29,3150,3210,3135,3185,48287,-0.006240249609984372
2024-08-30,3185,3250,3170,3210,17795,0.007849293563579218
2024-09-02,3355,3430,3260,3400,256548,0.05919003115264787
2024-09-03,3795,4255,3580,4065,10071720,0.19558823529411762
2024-09-04,3980,5070,3905,4400,24731024,0.08241082410824108
2024-09-05,4635,5280,4300,4300,11284355,-0.022727272727272707
2024-09-06,4565,4700,4125,4525,4895287,0.05232558139534893
2024-09-09,4365,4590,4355,4450,1759406,-0.016574585635359074
2024-09-10,4410,5110,4210,4230,11133141,-0.04943820224719098
2024-09-11,4230,4380,3945,4070,1533353,-0.0378250591016549
2024-09-12,4025,4170,3985,4070,758070,0.0
2024-09-13,4055,4155,3930,4080,729964,0.002457002457002533
2024-09-19,4085,4105,3995,4080,234514,0.0
2024-09-20,4060,4120,4010,4070,318567,-0.002450980392156854
2024-09-23,4070,4070,3845,3890,538434,-0.04422604422604426
2024-09-24,4015,4415,3980,4230,5125943,0.08740359897172234
2024-09-25,4275,5490,4205,5490,19590463,0.2978723404255319
2024-09-26,5440,5870,5150,5370,15435510,-0.021857923497267784
2024-09-27,5330,5370,4985,5010,3368158,-0.06703910614525144
2024-09-30,5250,5370,4845,4870,5566737,-0.027944111776447067
2024-10-02,4740,4960,4660,4895,1216030,0.005133470225872738
2024-10-04,4800,5170,4720,5100,3814958,0.04187946884576088
2024-10-07,4985,5160,4970,5070,1640754,-0.00588235294117645
2024-10-08,5300,5320,4820,4820,2064351,-0.04930966469428011
2024-10-10,4820,5090,4730,4815,1134311,-0.0010373443983402453
2024-10-11,4785,4875,4635,4710,487268,-0.02180685358255452
2024-10-14,4625,4865,4615,4835,661797,0.026539278131634925
2024-10-15,4830,4865,4685,4710,396481,-0.02585315408479838
2024-10-16,4630,5120,4630,4765,2323215,0.011677282377919429
2024-10-17,4765,4960,4740,4760,626218,-0.0010493179433368471
2024-10-18,4760,5040,4670,5040,805415,0.05882352941176472
2024-10-21,4955,4990,4860,4900,527702,-0.02777777777777779
2024-10-22,4900,4950,4345,4345,828035,-0.113265306122449
2024-10-23,4345,4650,4345,4375,545811,0.0069044879171460405
2024-10-24,4315,4420,4250,4350,318018,-0.005714285714285672
2024-10-25,4350,4590,4325,4475,507623,0.028735632183908066
2024-10-28,4700,4720,4250,4250,923463,-0.05027932960893855
2024-10-29,4275,4980,4200,4620,8099584,0.08705882352941186
2024-10-30,4575,4785,4475,4490,1133798,-0.02813852813852813
2024-10-31,4430,4450,4320,4320,349010,-0.03786191536748329
2024-11-01,4230,4280,4030,4030,330967,-0.06712962962962965
2024-11-04,4040,4100,3940,4070,173963,0.00992555831265518
2024-11-05,4065,4120,4035,4100,124843,0.0073710073710073765
2024-11-06,4115,4350,4040,4285,687814,0.045121951219512235
2024-11-07,4320,4350,4085,4085,215010,-0.046674445740956805
2024-11-08,4120,4220,4120,4150,133388,0.01591187270501826
2024-11-11,4250,4370,4100,4160,432582,0.002409638554216942
2024-11-12,4295,4720,3955,3960,2030470,-0.04807692307692313
2024-11-13,3910,4040,3655,3720,484748,-0.06060606060606055
2024-11-14,3695,3735,3500,3500,357163,-0.05913978494623651
2024-11-15,3440,3660,3330,3650,224030,0.04285714285714293
2024-11-18,3635,3760,3570,3700,118484,0.013698630136986356
2024-11-19,3705,3860,3615,3725,316850,0.006756756756756799
2024-11-20,3725,3775,3500,3640,119402,-0.02281879194630876
2024-11-21,3605,3765,3560,3610,152762,-0.008241758241758212
2024-11-22,3615,3675,3550,3550,142485,-0.0166204986149584
2024-11-25,3800,4440,3675,4045,7174279,0.1394366197183099
2024-11-26,4105,4155,4030,4110,579710,0.01606922126081578
2024-11-27,4065,4200,4040,4200,562691,0.021897810218978186
2024-11-28,4160,4160,3900,3910,347397,-0.06904761904761902
2024-11-29,3960,3995,3770,3995,505446,0.021739130434782705
2024-12-02,4340,4340,3880,3995,857397,0.0
2024-12-03,3975,4030,3970,4005,108265,0.0025031289111390187
2024-12-04,3860,3975,3840,3960,223371,-0.011235955056179803
2024-12-05,3980,3980,3620,3625,245895,-0.08459595959595956
2024-12-06,3560,3605,3360,3530,234096,-0.026206896551724146
2024-12-09,3380,3465,3165,3165,283415,-0.10339943342776203
2024-12-10,3110,3550,3110,3500,195223,0.10584518167456558
2024-12-11,3440,3690,3440,3690,120183,0.05428571428571427
2024-12-12,3690,3740,3600,3670,122909,-0.005420054200542035
2024-12-13,3605,3735,3605,3735,76123,0.017711171662125436
2024-12-16,3760,3950,3735,3765,283512,0.008032128514056325
2024-12-17,3770,3815,3705,3720,71296,-0.01195219123505975
2024-12-18,3720,3750,3655,3745,66470,0.006720430107526987
2024-12-19,3660,3700,3595,3615,63845,-0.03471295060080104
2024-12-20,3575,3610,3465,3500,108387,-0.0318118948824343
2024-12-23,3540,3610,3500,3565,52065,0.01857142857142846
2024-12-24,3545,3600,3490,3505,36028,-0.016830294530154277
2024-12-26,3550,3555,3435,3435,54128,-0.0199714693295292
2024-12-27,3370,3455,3260,3330,90957,-0.03056768558951961
2024-12-30,3245,3440,3245,3440,53354,0.033033033033033066
2025-01-02,3410,3510,3410,3500,39810,0.01744186046511631
2025-01-03,3440,3680,3440,3605,172828,0.030000000000000027
2025-01-06,3610,3780,3610,3780,160889,0.04854368932038833
2025-01-07,3730,3780,3685,3705,74501,-0.019841269841269882
2025-01-08,3665,3805,3660,3790,114335,0.02294197031039147
2025-01-09,3760,3790,3725,3770,65367,-0.00527704485488123
2025-01-10,3735,3780,3650,3750,75507,-0.0053050397877983935
2025-01-13,3745,3760,3640,3640,62252,-0.029333333333333322
2025-01-14,3635,3715,3615,3665,20281,0.006868131868131844
2025-01-15,3670,3690,3620,3640,36055,-0.006821282401091366
2025-01-16,3660,3710,3660,3710,33051,0.019230769230769162
2025-01-17,3685,3830,3680,3800,247460,0.0242587601078168
2025-01-20,3980,3985,3615,3640,490230,-0.04210526315789476
2025-01-21,3645,3805,3605,3625,397830,-0.004120879120879106
2025-01-22,3605,3695,3550,3600,113796,-0.006896551724137945
2025-01-23,3615,3615,3485,3490,93588,-0.030555555555555558
2025-01-24,3470,3555,3465,3535,56020,0.012893982808023008
2025-01-31,3470,3555,3470,3525,37197,-0.0028288543140028155
2025-02-03,3405,3485,3350,3470,118814,-0.015602836879432647
2025-02-04,3440,3525,3440,3475,44774,0.0014409221902016434
2025-02-05,3465,3555,3465,3530,31439,0.015827338129496438
2025-02-06,3530,3575,3530,3530,30854,0.0
2025-02-07,3530,3575,3490,3505,28155,-0.007082152974504208
2025-02-10,3480,3530,3440,3515,32486,0.0028530670470756636
2025-02-11,3505,3565,3480,3495,31411,-0.005689900426742556
2025-02-12,3465,3500,3420,3475,31451,-0.005722460658083017
2025-02-13,3440,3500,3430,3445,49825,-0.008633093525179825
2025-02-14,3445,3480,3430,3475,39126,0.00870827285921627
2025-02-17,3465,3545,3450,3525,44612,0.014388489208633004
2025-02-18,3545,3565,3465,3535,88813,0.0028368794326241176
2025-02-19,3500,3625,3500,3605,101211,0.01980198019801982
2025-02-20,3635,3720,3570,3660,260765,0.015256588072122046
2025-02-21,3560,3595,3460,3490,191145,-0.04644808743169404
2025-02-24,3435,3490,3395,3485,57589,-0.0014326647564469885
2025-02-25,3435,3495,3425,3450,93683,-0.010043041606886627
2025-02-26,3630,3840,3505,3510,1816210,0.017391304347825987
2025-02-27,3530,3575,3510,3575,117888,0.0185185185185186
2025-02-28,3490,3500,3430,3440,103377,-0.03776223776223775
2025-03-04,3440,3440,3360,3360,54423,-0.023255813953488413
2025-03-05,3360,3460,3355,3450,42611,0.02678571428571419
2025-03-06,3400,3490,3400,3460,43828,0.0028985507246377384
2025-03-07,3430,3490,3415,3445,29985,-0.00433526011560692
2025-03-10,3385,3465,3380,3405,59104,-0.011611030478954953
2025-03-11,3325,3400,3315,3390,33326,-0.004405286343612369
2025-03-12,3355,3450,3355,3405,21250,0.004424778761061843
2025-03-13,3400,3480,3360,3370,39567,-0.01027900146842875
2025-03-14,3370,3385,3310,3365,22472,-0.0014836795252225476
2025-03-17,3340,3400,3330,3355,34215,-0.002971768202080227
2025-03-18,3330,3375,3330,3340,21154,-0.0044709388971684305
2025-03-19,3340,3360,3325,3330,17803,-0.0029940119760478723
2025-03-20,3335,3360,3280,3300,29792,-0.009009009009009028
2025-03-21,3270,3370,3235,3235,68586,-0.019696969696969657
2025-03-24,3150,3300,3150,3280,51348,0.01391035548686248
2025-03-25,3280,3320,3225,3225,26310,-0.01676829268292679
2025-03-26,3225,3275,3225,3255,14791,0.009302325581395321
2025-03-27,3200,3290,3200,3225,27993,-0.009216589861751112
2025-03-28,3205,3215,3115,3115,49025,-0.03410852713178292
2025-03-31,2970,3110,2970,2995,108974,-0.038523274478330705
2025-04-01,2995,3200,2995,3150,57974,0.05175292153589317
2025-04-02,3150,3185,3010,3020,52733,-0.041269841269841234
2025-04-03,2995,3140,2980,3045,33969,0.008278145695364225
2025-04-04,2995,3295,2995,3155,113516,0.03612479474548436
2025-04-07,3110,3420,2990,3170,369082,0.004754358161648264
2025-04-08,3180,3410,3180,3250,185707,0.025236593059936974
2025-04-09,3225,3300,3110,3180,65536,-0.021538461538461506
2025-04-10,3230,3400,3220,3380,134375,0.06289308176100628
2025-04-11,3340,3430,3335,3380,77272,0.0
2025-04-14,3375,3415,3340,3410,66899,0.008875739644970349
2025-04-15,3420,3970,3315,3550,3163427,0.04105571847507328
2025-04-16,3525,3715,3515,3650,578299,0.028169014084507005
2025-04-17,3650,3690,3585,3635,274019,-0.004109589041095929
2025-04-18,3635,3930,3600,3900,1215875,0.07290233837689142
2025-04-21,4010,4075,3650,3650,1255191,-0.0641025641025641
2025-04-22,3550,3620,3500,3535,241914,-0.03150684931506853
2025-04-23,3585,3640,3485,3505,212283,-0.008486562942008447
2025-04-24,3475,3565,3475,3500,120998,-0.0014265335235378318
2025-04-25,3515,3580,3500,3555,95795,0.01571428571428579
2025-04-28,3560,3650,3535,3535,95113,-0.005625879043600568
2025-04-29,3535,3640,3530,3535,74079,0.0
2025-04-30,3540,4240,3520,3800,8189532,0.074964639321075
2025-05-02,3605,3695,3545,3560,467425,-0.06315789473684208
2025-05-07,3645,3780,3555,3745,656554,0.05196629213483139
2025-05-08,3690,3825,3675,3760,226516,0.004005340453938633
2025-05-09,3840,4150,3700,3865,2301714,0.027925531914893664
2025-05-12,3850,3920,3765,3880,362761,0.0038809831824062613
2025-05-13,3895,3895,3800,3860,153266,-0.005154639175257714
2025-05-14,3815,3865,3745,3800,237783,-0.015544041450777257
2025-05-15,3795,3825,3695,3720,182684,-0.021052631578947323
2025-05-16,3690,3720,3600,3620,122275,-0.026881720430107503
2025-05-19,3570,3625,3515,3600,110553,-0.0055248618784530246
2025-05-20,3615,3660,3595,3645,62348,0.012499999999999956
2025-05-21,3630,3665,3625,3640,67185,-0.00137174211248281
2025-05-22,3685,3685,3585,3640,60064,0.0
2025-05-23,3640,3720,3605,3645,58823,0.0013736263736263687
2025-05-26,3645,3695,3600,3630,52833,-0.004115226337448541
2025-05-27,3595,3665,3575,3600,81774,-0.008264462809917328
2025-05-28,3600,3675,3590,3640,48602,0.011111111111111072
2025-05-29,3615,3690,3615,3665,62677,0.006868131868131844
2025-05-30,3635,3690,3600,3675,59953,0.0027285129604366354
2025-06-02,3680,3840,3660,3815,257654,0.03809523809523818
2025-06-04,3835,3895,3750,3850,263089,0.00917431192660545
2025-06-05,3795,3930,3785,3890,180913,0.010389610389610393
2025-06-09,3955,4210,3955,4180,1221573,0.07455012853470433
2025-06-10,4160,4245,3925,4090,399037,-0.021531100478468845
2025-06-11,4310,4375,4020,4200,1276402,0.02689486552567244
2025-06-12,4135,4385,4055,4265,815546,0.015476190476190421
2025-06-13,4370,4400,4010,4075,422591,-0.04454865181711609
2025-06-16,4040,4220,4015,4170,247067,0.02331288343558291
2025-06-17,4270,4340,4065,4170,309674,0.0
2025-06-18,4150,4220,4095,4115,142149,-0.013189448441247031
2025-06-19,4180,4180,4025,4065,126095,-0.012150668286755817
2025-06-20,4030,4085,3965,4070,111985,0.0012300123001229846
2025-06-23,4040,4040,3905,3970,127785,-0.02457002457002455
2025-06-24,4000,4165,3995,4145,145389,0.044080604534004975
2025-06-25,4140,5380,3985,5380,26399685,0.2979493365500603
2025-06-26,5130,5330,4850,5030,7112397,-0.06505576208178443
2025-06-27,4905,4965,4660,4750,2086182,-0.055666003976143186
2025-06-30,4585,4680,4390,4550,1461235,-0.04210526315789476
2025-07-01,4545,4730,4525,4635,1781915,0.018681318681318615
2025-07-02,4605,4610,4380,4445,773685,-0.04099244875943908
2025-07-03,4425,4465,4390,4430,348013,-0.003374578177727794
2025-07-04,4430,4600,4295,4340,767095,-0.020316027088036148
2025-07-07,4365,4570,4330,4500,913703,0.03686635944700467
2025-07-08,4585,4680,4435,4540,994088,0.008888888888888946
2025-07-09,4530,4640,4435,4625,467645,0.018722466960352513
