Date,Open,High,Low,Close,Volume,Change
2022-01-03,3215,3230,3194,3231,25764,0.01635734507706821
2022-01-04,3246,3256,3164,3241,52971,0.003095017022593627
2022-01-05,3240,3246,3179,3246,38611,0.00154273372415914
2022-01-06,3179,3307,3174,3241,61793,-0.0015403573629081402
2022-01-07,3210,3379,3184,3379,94976,0.04257945078679426
2022-01-10,3399,3461,3317,3400,118766,0.006214856466410179
2022-01-11,3399,3487,3348,3436,75485,0.010588235294117565
2022-01-12,3435,3820,3405,3743,1188086,0.08934807916181597
2022-01-13,3758,3794,3666,3708,205146,-0.00935078813785728
2022-01-14,3697,3697,3538,3661,173577,-0.012675296655879187
2022-01-17,3620,3620,3440,3446,98142,-0.058727123736683984
2022-01-18,3446,3502,3353,3354,58547,-0.026697620429483426
2022-01-19,3353,3399,3210,3215,43851,-0.04144305307096008
2022-01-20,3230,3276,3215,3277,32392,0.019284603421461988
2022-01-21,3307,3384,3276,3282,35019,0.0015257857796764362
2022-01-24,3281,3281,3164,3200,45317,-0.02498476538695915
2022-01-25,3184,3205,3097,3113,39797,-0.02718750000000003
2022-01-26,3112,3184,3102,3123,47535,0.0032123353678124023
2022-01-27,3122,3138,2964,2985,60565,-0.04418828049951973
2022-01-28,2984,3128,2969,3128,30257,0.04790619765494131
2022-02-03,3148,3328,3148,3246,36113,0.03772378516624042
2022-02-04,3251,3271,3210,3246,36595,0.0
2022-02-07,3246,3271,3220,3231,25364,-0.004621072088724532
2022-02-08,3230,3353,3153,3185,23722,-0.014237078303930617
2022-02-09,3184,3235,3184,3231,18898,0.014442700156985788
2022-02-10,3246,3261,3194,3200,43034,-0.009594552770040288
2022-02-11,3133,3215,3117,3164,21057,-0.011249999999999982
2022-02-14,3081,3117,3030,3036,53552,-0.04045512010113783
2022-02-15,3005,3035,2938,2959,36918,-0.025362318840579712
2022-02-16,2989,3056,2989,3041,40273,0.027712064886786125
2022-02-17,3071,3107,3020,3031,57556,-0.003288391976323579
2022-02-18,3051,3102,2999,3102,17841,0.023424612339161932
2022-02-21,3097,3230,3076,3231,20113,0.04158607350096721
2022-02-22,3194,3220,3097,3102,33438,-0.03992571959145774
2022-02-23,3102,3179,3102,3179,21823,0.024822695035461084
2022-02-24,3179,3179,3046,3046,51019,-0.04183705567788609
2022-02-25,3102,3230,3076,3190,64389,0.04727511490479319
2022-02-28,3205,3220,3143,3220,18662,0.00940438871473348
2022-03-02,3220,3399,3220,3292,97661,0.022360248447204967
2022-03-03,3307,3589,3307,3487,180649,0.059234507897934385
2022-03-04,3456,3461,3384,3446,64003,-0.011757958130197865
2022-03-07,3374,3440,3251,3297,74241,-0.04323853743470696
2022-03-08,3292,3399,3205,3210,86458,-0.02638762511373971
2022-03-10,3230,3666,3189,3431,422456,0.0688473520249222
2022-03-11,3430,3687,3369,3590,177440,0.04634217429320908
2022-03-14,3517,3538,3302,3302,215212,-0.08022284122562673
2022-03-15,3271,3317,3240,3297,36538,-0.0015142337976983278
2022-03-16,3317,3430,3307,3369,41649,0.021838034576888044
2022-03-17,3384,3461,3384,3431,82743,0.018403086969427163
2022-03-18,3446,3476,3384,3420,22954,-0.003206062372486107
2022-03-21,3430,3430,3307,3318,57651,-0.029824561403508754
2022-03-22,3348,3481,3317,3400,83429,0.02471368294153109
2022-03-23,3399,3471,3328,3451,239319,0.014999999999999902
2022-03-24,3451,3481,3394,3436,71409,-0.004346566212692027
2022-03-25,3466,3481,3420,3446,53798,0.0029103608847496076
2022-03-28,3425,3446,3384,3400,52554,-0.013348810214741769
2022-03-29,3399,3738,3379,3590,541166,0.055882352941176494
2022-03-30,3589,3625,3533,3595,94601,0.0013927576601671099
2022-03-31,3589,3656,3563,3641,94026,0.012795549374130744
2022-04-01,3646,3861,3605,3836,202174,0.053556715188135096
2022-04-04,3794,3825,3697,3764,138875,-0.018769551616266922
2022-04-05,3763,3820,3697,3795,65025,0.008235919234856448
2022-04-06,3789,3789,3646,3656,64112,-0.03662714097496711
2022-04-07,3646,3646,3358,3385,436813,-0.07412472647702406
2022-04-08,3389,3466,3379,3467,58114,0.0242245199409159
2022-04-11,3461,3507,3415,3441,66464,-0.0074992789154888495
2022-04-12,3425,3507,3328,3410,46913,-0.009009009009009028
2022-04-13,3379,3435,3369,3436,42648,0.007624633431084993
2022-04-14,3456,3492,3415,3431,28471,-0.0014551804423748038
2022-04-15,3430,3466,3369,3451,31708,0.005829204313611225
2022-04-18,3451,3563,3430,3436,73654,-0.004346566212692027
2022-04-19,3405,3435,3399,3436,32585,0.0
2022-04-20,3466,3471,3348,3400,103265,-0.010477299185098987
2022-04-21,3399,3399,3302,3359,161324,-0.012058823529411788
2022-04-22,3343,3461,3333,3400,137126,0.012206013694551876
2022-04-25,3338,3348,3215,3256,122347,-0.04235294117647059
2022-04-26,3240,3307,3240,3302,36384,0.014127764127764175
2022-04-27,3184,3240,3164,3210,43067,-0.02786190187764992
2022-04-28,3199,3251,3199,3220,21121,0.0031152647975076775
2022-04-29,3230,3348,3225,3349,45746,0.040062111801242306
2022-05-02,3312,3374,3266,3282,55348,-0.020005971931919997
2022-05-03,3297,3384,3281,3349,57043,0.02041438147471064
2022-05-04,3348,3389,3287,3323,30234,-0.007763511495968989
2022-05-06,3317,3646,3256,3441,732888,0.03551008125188093
2022-05-09,3425,3425,3235,3251,139318,-0.05521650682941004
2022-05-10,3158,3251,3081,3185,103218,-0.0203014457090126
2022-05-11,3174,3240,3153,3174,42872,-0.0034536891679748383
2022-05-12,3194,3225,3061,3087,84531,-0.027410207939508546
2022-05-13,3071,3112,3035,3113,53414,0.00842241658568188
2022-05-16,3143,3194,3138,3169,28057,0.017989078059749364
2022-05-17,3184,3235,3169,3215,46080,0.01451562006942253
2022-05-18,3343,3415,3256,3410,246407,0.06065318818040444
2022-05-19,3399,3887,3302,3887,833099,0.13988269794721409
2022-05-20,3728,3846,3579,3846,292977,-0.010547980447646044
2022-05-23,3805,3835,3661,3831,146744,-0.003900156006240274
2022-05-24,3779,3815,3676,3733,106830,-0.02558078830592536
2022-05-25,3728,3728,3625,3641,66023,-0.024645057594428033
2022-05-26,3646,3646,3451,3451,96159,-0.05218346608074709
2022-05-27,3466,4404,3461,4097,5663653,0.18719211822660098
2022-05-30,4102,4148,4030,4031,540714,-0.01610934830363686
2022-05-31,4051,4394,3963,4343,1699318,0.0774001488464402
2022-06-02,4338,4338,4163,4190,308491,-0.03522910430577941
2022-06-03,4235,4358,4112,4313,549352,0.02935560859188535
2022-06-07,4302,4328,4133,4154,300595,-0.03686529098075586
2022-06-08,4092,4225,4061,4102,240138,-0.01251805488685609
2022-06-09,4112,4163,3933,3954,201573,-0.03607996099463673
2022-06-10,3948,3994,3846,3913,103575,-0.010369246332827542
2022-06-13,3794,3943,3610,3867,277273,-0.011755686174290791
2022-06-14,3692,3887,3687,3887,111060,0.0051719679337987046
2022-06-15,3835,3928,3748,3918,128608,0.007975302289683572
2022-06-16,3999,4143,3922,3979,271116,0.015569167942828033
2022-06-17,3830,4030,3799,3995,116621,0.004021110831867292
2022-06-20,3989,3989,3512,3769,252072,-0.05657071339173969
2022-06-21,3707,3805,3605,3738,115463,-0.008224993366940825
2022-06-22,3753,3897,3502,3502,132075,-0.06313536650615303
2022-06-23,3502,3666,3281,3554,212014,0.01484865790976575
2022-06-24,3517,3702,3517,3697,55612,0.04023635340461462
2022-06-27,3763,3763,3635,3636,70432,-0.016499864755206928
2022-06-28,3681,3717,3563,3692,79956,0.015401540154015292
2022-06-29,3651,3810,3599,3774,68166,0.022210184182015258
2022-06-30,3774,3794,3620,3672,63422,-0.027027027027026973
2022-07-01,3661,4076,3661,4005,829482,0.09068627450980382
2022-07-04,4030,4266,3963,4267,831452,0.06541822721598001
2022-07-05,4358,4933,4328,4564,3444442,0.06960393719240687
2022-07-06,4497,4717,4205,4718,942410,0.033742331288343586
2022-07-07,4717,6128,4456,6128,4591023,0.29885544722339974
2022-07-08,6333,7076,4938,5154,14961844,-0.15894255874673624
2022-07-11,6281,6692,5666,6000,19324514,0.1641443538998837
2022-07-12,5717,6333,5589,6205,9573330,0.03416666666666668
2022-07-13,6025,6153,5035,5282,7917260,-0.1487510072522159
2022-07-14,5046,5538,4589,4661,8482144,-0.11756910261264675
2022-07-15,4502,4620,4097,4108,3278432,-0.11864406779661019
2022-07-18,4128,4266,4107,4174,1350641,0.01606621226874383
2022-07-19,4199,5117,4138,4769,13533893,0.14254911356013422
2022-07-20,4784,5030,4722,4841,3226429,0.015097504717970223
2022-07-21,4861,5061,4774,4964,2730503,0.025407973559181896
2022-07-22,4948,5179,4656,4677,2416309,-0.05781627719580984
2022-07-25,4661,4666,4338,4359,924019,-0.06799230275817836
2022-07-26,4343,4348,4153,4179,760204,-0.04129387474191326
2022-07-27,4174,4835,4174,4667,5210534,0.11677434793012686
2022-07-28,4666,4789,4548,4702,1118453,0.007499464323976968
2022-07-29,4651,4856,4646,4769,997585,0.014249255635899516
2022-08-01,4743,4810,4656,4667,603835,-0.021388131683791167
2022-08-02,4661,4748,4420,4564,580107,-0.022069852153417613
2022-08-03,4666,4671,4410,4441,516170,-0.02695004382120947
2022-08-04,4471,4522,4292,4359,439761,-0.018464309840126147
2022-08-05,4353,4522,4307,4405,1142119,0.010552879100711232
2022-08-08,5070,5450,4535,4550,2180333,0.03291713961407483
2022-08-09,4595,4595,4285,4320,440145,-0.05054945054945059
2022-08-10,4325,4330,4080,4120,340984,-0.04629629629629628
2022-08-11,4150,4175,4075,4115,215180,-0.0012135922330097637
2022-08-12,4155,5280,4155,4950,9136292,0.20291616038882143
2022-08-16,4950,4980,4750,4750,828581,-0.04040404040404044
2022-08-17,4685,4780,4500,4525,451663,-0.047368421052631615
2022-08-18,4480,4520,4350,4375,431148,-0.03314917127071826
2022-08-19,4365,4775,4365,4495,1086225,0.027428571428571358
2022-08-22,4380,4460,4200,4220,273715,-0.06117908787541715
2022-08-23,4100,4250,4085,4215,241604,-0.0011848341232227888
2022-08-24,4160,4245,4120,4215,180382,0.0
2022-08-25,4260,4325,4220,4245,139207,0.007117437722419906
2022-08-26,4260,4320,4185,4200,159030,-0.010600706713780883
2022-08-29,4135,4280,4005,4205,139387,0.0011904761904761862
2022-08-30,4005,4110,3965,4000,420557,-0.04875148632580262
2022-08-31,4040,4040,3960,4010,196985,0.0024999999999999467
2022-09-01,3900,3905,3660,3670,1022184,-0.08478802992518708
2022-09-02,3655,3705,3510,3520,392608,-0.04087193460490468
2022-09-05,3450,3490,3350,3395,513989,-0.035511363636363646
2022-09-06,3340,3435,3340,3365,431449,-0.008836524300441795
2022-09-07,3385,3385,3205,3220,406736,-0.043090638930163405
2022-09-08,3230,3260,3125,3220,308920,0.0
2022-09-13,3240,3335,3240,3325,302515,0.032608695652173836
2022-09-14,3190,3290,3155,3280,242826,-0.013533834586466176
2022-09-15,3285,3345,3195,3210,272111,-0.021341463414634165
2022-09-16,3195,3245,3120,3155,214056,-0.01713395638629278
2022-09-19,3140,3160,3005,3080,313454,-0.023771790808240878
2022-09-20,3065,3110,3055,3085,184025,0.0016233766233766378
2022-09-21,3085,3120,3030,3075,126361,-0.0032414910858995505
2022-09-22,3020,3070,2900,3060,236589,-0.004878048780487809
2022-09-23,3025,3080,2915,2950,188720,-0.03594771241830064
2022-09-26,2900,2950,2705,2765,248449,-0.06271186440677967
2022-09-27,2710,2840,2675,2830,292422,0.02350813743218816
2022-09-28,2760,2830,2600,2670,255749,-0.05653710247349819
2022-09-29,2690,2760,2610,2635,224258,-0.01310861423220977
2022-09-30,2530,2665,2520,2605,184888,-0.011385199240986688
2022-10-04,2640,2720,2635,2720,175728,0.04414587332053732
2022-10-05,2760,2760,2615,2650,149406,-0.02573529411764708
2022-10-06,2650,2820,2630,2780,213297,0.049056603773584895
2022-10-07,2755,2840,2730,2800,89541,0.007194244604316502
2022-10-11,2710,2730,2615,2665,156777,-0.048214285714285765
2022-10-12,2625,2660,2595,2655,73282,-0.0037523452157598447
2022-10-13,2605,2640,2490,2515,179899,-0.052730696798493404
2022-10-14,2545,2645,2545,2620,128641,0.041749502982107334
2022-10-17,2590,2665,2500,2645,66907,0.009541984732824416
2022-10-18,2680,2805,2680,2750,189608,0.03969754253308122
2022-10-19,2795,2800,2660,2685,88438,-0.023636363636363678
2022-10-20,2690,2700,2590,2680,168150,-0.0018621973929237035
2022-10-21,2645,2680,2560,2630,166647,-0.018656716417910446
2022-10-24,2640,3100,2640,2870,2647955,0.09125475285171092
2022-10-25,2880,2980,2805,2815,690591,-0.019163763066202044
2022-10-26,2860,2860,2700,2720,259001,-0.03374777975133214
2022-10-27,2815,3145,2815,2885,4106086,0.06066176470588225
2022-10-28,2870,2915,2780,2780,472978,-0.036395147313691534
2022-10-31,2810,2830,2720,2775,224560,-0.0017985611510791255
2022-11-01,2790,2895,2790,2860,348749,0.03063063063063054
2022-11-02,2845,2975,2820,2885,524742,0.00874125874125875
2022-11-03,2810,2920,2780,2920,198891,0.0121317157712304
2022-11-04,2915,2915,2820,2830,184160,-0.03082191780821919
2022-11-07,2835,2920,2835,2900,200582,0.02473498233215543
2022-11-08,2930,2950,2860,2935,204418,0.012068965517241459
2022-11-09,2980,3050,2905,3020,473805,0.028960817717206044
2022-11-10,2975,3050,2940,2965,240956,-0.018211920529801362
2022-11-11,3030,3050,2975,2990,329222,0.008431703204047292
2022-11-14,2960,3065,2960,3005,305348,0.0050167224080268635
2022-11-15,3010,3090,3010,3090,255167,0.028286189683860208
2022-11-16,3075,3090,2965,3040,314620,-0.016181229773462813
2022-11-17,3030,3030,2955,3000,185358,-0.013157894736842146
2022-11-18,2995,3045,2955,2995,140248,-0.0016666666666667052
2022-11-21,3045,3195,2950,3055,737203,0.02003338898163598
2022-11-22,3075,3335,3075,3175,2028399,0.03927986906710301
2022-11-23,3180,3185,3080,3110,409749,-0.020472440944881876
2022-11-24,3140,3220,3100,3215,297829,0.0337620578778135
2022-11-25,3200,3200,3120,3160,268232,-0.017107309486780742
2022-11-28,3160,3165,2985,2990,231958,-0.05379746835443033
2022-11-29,2970,3025,2955,3025,169718,0.0117056856187292
2022-11-30,3025,3035,2980,2995,138552,-0.00991735537190086
2022-12-01,3010,3195,3010,3160,467371,0.05509181969949917
2022-12-02,3195,3435,3135,3435,1681134,0.08702531645569622
2022-12-05,3435,3455,3325,3435,963076,0.0
2022-12-06,3400,3570,3310,3360,1049751,-0.02183406113537123
2022-12-07,3330,3345,3180,3225,425255,-0.0401785714285714
2022-12-08,3225,3230,3065,3130,297255,-0.029457364341085257
2022-12-09,3130,3350,3055,3235,446509,0.033546325878594185
2022-12-12,3240,3240,3130,3175,160620,-0.018547140649149974
2022-12-13,3155,3175,3110,3135,113364,-0.012598425196850394
2022-12-14,3140,3170,3110,3155,130351,0.006379585326953707
2022-12-15,3150,3185,3080,3130,156460,-0.007923930269413626
2022-12-16,3075,3085,2980,3050,201349,-0.025559105431309903
2022-12-19,3010,3060,2980,3045,93787,-0.0016393442622950616
2022-12-20,3040,3040,2900,2920,253383,-0.04105090311986859
2022-12-21,2920,2960,2870,2870,85963,-0.017123287671232834
2022-12-22,2890,3000,2890,2960,105968,0.03135888501742157
2022-12-23,2960,2995,2805,2815,141470,-0.048986486486486513
2022-12-26,2815,2830,2760,2785,111466,-0.010657193605683846
2022-12-27,2760,2805,2760,2790,115206,0.0017953321364452268
2022-12-28,2785,2795,2680,2730,178641,-0.021505376344086002
2022-12-29,2695,2710,2615,2655,120541,-0.027472527472527486
2023-01-02,2655,2690,2580,2635,90105,-0.007532956685499026
2023-01-03,2585,2625,2505,2590,119944,-0.017077798861480087
2023-01-04,2525,2640,2525,2625,90259,0.013513513513513598
2023-01-05,2680,2695,2630,2665,50501,0.015238095238095273
2023-01-06,2665,2745,2650,2730,108214,0.024390243902439046
2023-01-09,2810,2840,2775,2830,150668,0.03663003663003672
2023-01-10,2835,2850,2795,2815,105953,-0.005300353356890497
2023-01-11,2830,2895,2830,2880,72902,0.023090586145648295
2023-01-12,2880,2885,2850,2875,52680,-0.0017361111111111605
2023-01-13,2875,2945,2875,2920,102793,0.01565217391304352
2023-01-16,2920,2935,2875,2900,41207,-0.006849315068493178
2023-01-17,2900,2905,2815,2835,76200,-0.022413793103448265
2023-01-18,2810,2895,2805,2885,80902,0.01763668430335108
2023-01-19,2860,2915,2855,2880,47618,-0.0017331022530329143
2023-01-20,2885,2910,2860,2900,42454,0.00694444444444442
2023-01-25,2910,2970,2820,2960,89005,0.020689655172413834
2023-01-26,2960,3000,2945,2980,75564,0.006756756756756799
2023-01-27,2995,3005,2950,2980,42711,0.0
2023-01-30,2980,2990,2925,2975,75275,-0.001677852348993314
2023-01-31,2955,3000,2935,2975,90999,0.0
2023-02-01,2995,3030,2980,3005,100666,0.010084033613445342
2023-02-02,3010,3020,2980,3000,53940,-0.0016638935108153063
2023-02-03,2995,3005,2965,2980,39773,-0.00666666666666671
2023-02-06,2970,3010,2915,2995,76688,0.005033557046979942
2023-02-07,2965,3005,2945,2995,89321,0.0
2023-02-08,3005,3070,2985,3030,97997,0.011686143572620988
2023-02-09,3030,3040,2980,3035,76474,0.0016501650165017256
2023-02-10,3025,3035,2970,3000,72411,-0.011532125205930832
2023-02-13,2985,3000,2940,3000,64459,0.0
2023-02-14,2980,3025,2980,3015,97689,0.004999999999999893
2023-02-15,3015,3020,2915,2955,135092,-0.01990049751243783
2023-02-16,2940,3035,2935,3000,116983,0.015228426395939021
2023-02-17,3000,3010,2950,2965,75313,-0.011666666666666714
2023-02-20,2940,2975,2930,2975,71498,0.003372681281618828
2023-02-21,2975,3010,2955,2975,67269,0.0
2023-02-22,2885,3000,2875,2920,129853,-0.01848739495798324
2023-02-23,2885,2905,2830,2865,64271,-0.018835616438356184
2023-02-24,2870,2895,2845,2885,90618,0.00698080279232105
2023-02-27,2830,2850,2780,2820,63739,-0.022530329289428108
2023-02-28,2820,2890,2820,2870,47213,0.01773049645390068
2023-03-02,2885,2895,2800,2830,136044,-0.013937282229965153
2023-03-03,2855,2870,2810,2865,49351,0.012367491166077826
2023-03-06,2875,2875,2815,2850,76201,-0.005235602094240788
2023-03-07,2855,2880,2810,2875,78601,0.00877192982456143
2023-03-08,2850,2875,2820,2875,63024,0.0
2023-03-09,2860,2875,2800,2810,55684,-0.022608695652173938
2023-03-10,2800,2800,2715,2715,91075,-0.03380782918149461
2023-03-13,2650,2705,2550,2705,89792,-0.0036832412523020164
2023-03-14,2655,2695,2565,2585,113782,-0.044362292051756014
2023-03-15,2585,2665,2585,2650,76046,0.025145067698259194
2023-03-16,2660,2665,2590,2640,27661,-0.0037735849056603765
2023-03-17,2655,2750,2655,2745,71423,0.03977272727272729
2023-03-20,2745,2745,2690,2705,38705,-0.014571948998178486
2023-03-21,2705,2725,2670,2695,29317,-0.003696857670979714
2023-03-22,2695,2705,2655,2690,38778,-0.0018552875695733162
2023-03-23,2665,2665,2600,2640,91109,-0.018587360594795488
2023-03-24,2640,2675,2625,2675,50841,0.01325757575757569
2023-03-27,2675,2685,2495,2650,71164,-0.009345794392523366
2023-03-28,2650,2680,2635,2680,42282,0.01132075471698113
2023-03-29,2680,2720,2665,2720,43528,0.014925373134328401
2023-03-30,2720,2735,2675,2730,74231,0.003676470588235281
2023-03-31,2740,2740,2695,2720,33271,-0.00366300366300365
2023-04-03,2705,2740,2695,2730,60779,0.003676470588235281
2023-04-04,2750,2755,2680,2755,70480,0.009157509157509125
2023-04-05,2755,2770,2710,2770,46092,0.005444646098003547
2023-04-06,2770,2770,2675,2720,81261,-0.018050541516245522
2023-04-07,2720,2735,2675,2725,44395,0.0018382352941177516
2023-04-10,2715,2715,2620,2665,71798,-0.022018348623853212
2023-04-11,2660,2735,2615,2730,100176,0.024390243902439046
2023-04-12,2740,2770,2695,2770,48148,0.0146520146520146
2023-04-13,2750,2770,2710,2765,24912,-0.0018050541516245744
2023-04-14,2770,2785,2735,2765,48884,0.0
2023-04-17,2765,2770,2740,2770,61779,0.001808318264014508
2023-04-18,2770,2780,2720,2765,64193,-0.0018050541516245744
2023-04-19,2765,2780,2730,2745,55214,-0.007233273056057921
2023-04-20,2735,2765,2730,2755,90012,0.0036429872495447047
2023-04-21,2725,2740,2665,2705,84751,-0.01814882032667875
2023-04-24,2680,2695,2625,2660,80343,-0.01663585951940849
2023-04-25,2620,2630,2585,2615,59081,-0.016917293233082664
2023-04-26,2590,2610,2560,2585,64677,-0.01147227533460804
2023-04-27,2555,2585,2510,2585,44860,0.0
2023-04-28,2590,2600,2560,2565,42240,-0.007736943907156624
2023-05-02,2575,2615,2540,2615,28792,0.01949317738791434
2023-05-03,2585,2700,2585,2620,59049,0.0019120458891013214
2023-05-04,2630,2645,2590,2625,16342,0.001908396946564972
2023-05-08,2630,2640,2580,2615,12711,-0.003809523809523818
2023-05-09,2620,2630,2590,2600,52136,-0.005736137667303964
2023-05-10,2600,2670,2600,2650,21811,0.019230769230769162
2023-05-11,2650,2705,2645,2650,52351,0.0
2023-05-12,2650,2670,2620,2645,16437,-0.0018867924528301883
2023-05-15,2610,2645,2595,2630,15449,-0.005671077504725952
2023-05-16,2630,2640,2585,2620,17898,-0.0038022813688213253
2023-05-17,2590,2680,2590,2665,37427,0.01717557251908386
2023-05-18,2665,2730,2650,2705,37487,0.015009380863039379
2023-05-19,2720,2720,2655,2710,25754,0.001848428835489857
2023-05-22,2720,2730,2690,2705,20867,-0.0018450184501844769
2023-05-23,2695,2730,2675,2715,35795,0.003696857670979714
2023-05-24,2705,2730,2695,2720,21739,0.0018416206261511192
2023-05-25,2690,2745,2645,2660,57672,-0.022058823529411797
2023-05-26,2645,2670,2595,2640,73601,-0.007518796992481258
2023-05-30,2610,2700,2610,2650,32206,0.0037878787878788955
2023-05-31,2650,2685,2645,2680,15681,0.01132075471698113
2023-06-01,2680,2680,2640,2645,16829,-0.013059701492537323
2023-06-02,2670,2695,2615,2690,21924,0.017013232514177634
2023-06-05,2690,2720,2665,2720,69758,0.011152416356877248
2023-06-07,2720,2745,2685,2720,25585,0.0
2023-06-08,2720,2720,2685,2710,16695,-0.003676470588235281
2023-06-09,2705,2720,2685,2695,41572,-0.005535055350553542
2023-06-12,2695,2705,2680,2700,17854,0.0018552875695732052
2023-06-13,2705,2730,2700,2710,27214,0.0037037037037037646
2023-06-14,2710,2740,2645,2690,29556,-0.0073800738007380184
2023-06-15,2665,2690,2660,2675,25702,-0.005576208178438624
2023-06-16,2675,2700,2650,2680,69152,0.0018691588785046953
2023-06-19,2680,2685,2635,2675,51691,-0.001865671641791078
2023-06-20,2670,2675,2650,2675,34732,0.0
2023-06-21,2675,2695,2650,2690,40963,0.005607476635514086
2023-06-22,2645,2690,2645,2680,45841,-0.0037174721189591198
2023-06-23,2680,2690,2615,2665,111768,-0.005597014925373123
2023-06-26,2660,3460,2645,3460,10622155,0.29831144465290804
2023-06-27,3820,3865,3300,3330,7535226,-0.037572254335260125
2023-06-28,3440,3600,3405,3405,6258196,0.022522522522522515
2023-06-29,3450,3570,3285,3350,2754314,-0.016152716593245242
2023-06-30,3330,3385,3130,3160,1475530,-0.05671641791044779
2023-07-03,3200,3305,3160,3230,961764,0.02215189873417711
2023-07-04,3270,3310,3155,3180,646310,-0.015479876160990669
2023-07-05,3210,3245,3020,3050,792560,-0.04088050314465408
2023-07-06,3050,3050,2955,3005,458300,-0.014754098360655776
2023-07-07,2975,3005,2885,2925,374054,-0.0266222961730449
2023-07-10,2920,2985,2850,2865,337955,-0.02051282051282055
2023-07-11,2865,2975,2860,2975,234789,0.03839441535776622
2023-07-12,2975,2975,2895,2930,227352,-0.015126050420168013
2023-07-13,2930,2995,2900,2945,286268,0.005119453924914641
2023-07-14,2940,3015,2870,2875,281971,-0.02376910016977929
2023-07-17,2875,2945,2850,2875,242198,0.0
2023-07-18,2895,2925,2835,2850,219231,-0.008695652173912993
2023-07-19,2860,2885,2770,2805,276447,-0.015789473684210575
2023-07-20,2800,2830,2760,2820,126211,0.005347593582887722
2023-07-21,2795,2870,2780,2840,122859,0.007092198581560183
2023-07-24,2860,2875,2805,2825,200675,-0.005281690140845119
2023-07-25,2800,2810,2720,2720,285968,-0.03716814159292037
2023-07-26,2700,2710,2500,2585,472165,-0.049632352941176516
2023-07-27,2510,2655,2510,2585,149759,0.0
2023-07-28,2585,2695,2575,2685,70705,0.03868471953578334
2023-07-31,2685,2740,2685,2715,68160,0.011173184357541999
2023-08-01,2730,2750,2655,2715,112213,0.0
2023-08-02,2715,2735,2675,2710,120235,-0.0018416206261510082
2023-08-03,2680,2710,2600,2690,110131,-0.0073800738007380184
2023-08-04,2690,2735,2660,2735,85705,0.016728624535315983
2023-08-07,2720,2725,2660,2715,103735,-0.007312614259597838
2023-08-08,2695,2735,2685,2685,82226,-0.011049723756906049
2023-08-09,2700,2765,2650,2755,104187,0.026070763500931182
2023-08-10,2755,2835,2710,2835,189723,0.029038112522685955
2023-08-11,2835,3055,2810,3030,1700632,0.06878306878306883
2023-08-14,3080,3160,2955,3060,1098566,0.00990099009900991
2023-08-16,3045,3140,2835,2835,508116,-0.07352941176470584
2023-08-17,2760,2900,2735,2840,296956,0.0017636684303350414
2023-08-18,2750,2790,2715,2750,252861,-0.03169014084507038
2023-08-21,2740,2930,2720,2915,570653,0.06000000000000005
2023-08-22,3290,3400,2810,2810,2984251,-0.03602058319039447
2023-08-23,2885,2950,2805,2835,871131,0.008896797153024938
2023-08-24,2845,2890,2800,2845,233254,0.003527336860670305
2023-08-25,2835,2835,2705,2725,351578,-0.04217926186291743
2023-08-28,2750,2860,2690,2840,247761,0.04220183486238538
2023-08-29,2815,2890,2810,2825,211293,-0.005281690140845119
2023-08-30,2860,2920,2825,2915,223836,0.031858407079645934
2023-08-31,2920,2940,2880,2910,164858,-0.0017152658662092923
2023-09-01,2910,2920,2860,2880,160796,-0.010309278350515427
2023-09-04,2900,2900,2790,2800,152356,-0.02777777777777779
2023-09-05,2800,2870,2795,2830,86959,0.010714285714285676
2023-09-06,2850,2935,2830,2890,139246,0.021201413427561766
2023-09-07,2885,2900,2790,2815,152650,-0.02595155709342556
2023-09-08,2795,2875,2780,2840,79599,0.008880994671403242
2023-09-11,2840,2870,2825,2850,85401,0.0035211267605634866
2023-09-12,2850,2850,2750,2790,116183,-0.021052631578947323
2023-09-13,2760,2790,2705,2715,123229,-0.026881720430107503
2023-09-14,2720,2765,2705,2730,52529,0.005524861878453136
2023-09-15,2780,2780,2720,2750,28971,0.0073260073260073
2023-09-18,2750,2750,2700,2720,74172,-0.010909090909090868
2023-09-19,2720,2720,2640,2650,144091,-0.02573529411764708
2023-09-20,2660,2720,2600,2710,79003,0.02264150943396226
2023-09-21,2740,2740,2600,2625,109695,-0.03136531365313655
2023-09-22,2635,2860,2610,2785,449277,0.06095238095238087
2023-09-25,2785,2970,2685,2970,457486,0.06642728904847406
2023-09-26,2910,3165,2860,2900,1688414,-0.023569023569023573
2023-09-27,2670,2855,2625,2755,418363,-0.050000000000000044
2023-10-04,2755,2755,2635,2650,191578,-0.038112522686025385
2023-10-05,2650,2705,2615,2635,140537,-0.005660377358490565
2023-10-06,2625,2790,2605,2710,84212,0.028462998102466885
2023-10-10,2690,2705,2605,2645,96071,-0.023985239852398532
2023-10-11,2680,2745,2650,2730,92161,0.032136105860113506
2023-10-12,2710,2780,2710,2750,62057,0.0073260073260073
2023-10-13,2750,2755,2655,2665,131438,-0.030909090909090886
2023-10-16,2680,2720,2650,2710,50220,0.016885553470919357
2023-10-17,2705,2750,2700,2715,34444,0.0018450184501845879
2023-10-18,2715,2760,2685,2735,33215,0.007366482504604033
2023-10-19,2700,2725,2650,2715,58631,-0.007312614259597838
2023-10-20,2690,2730,2640,2695,71285,-0.007366482504604033
2023-10-23,2660,2705,2650,2650,46817,-0.016697588126159513
2023-10-24,2665,2710,2635,2705,83754,0.020754716981132182
2023-10-25,2715,2760,2665,2750,66494,0.01663585951940849
2023-10-26,2715,2765,2675,2765,114133,0.005454545454545379
2023-10-27,2730,2790,2700,2785,101500,0.00723327305605781
2023-10-30,2785,2825,2765,2805,51474,0.007181328545780907
2023-10-31,2810,2820,2710,2755,73481,-0.017825311942959
2023-11-01,2740,2755,2680,2705,88576,-0.01814882032667875
2023-11-02,2740,2745,2705,2735,43420,0.01109057301293892
2023-11-03,2760,2770,2715,2750,39058,0.005484460694698434
2023-11-06,2755,2770,2690,2760,85528,0.0036363636363636598
2023-11-07,2725,2770,2715,2765,69020,0.0018115942028984477
2023-11-08,2755,2830,2735,2800,111223,0.012658227848101333
2023-11-09,2800,2815,2755,2775,40129,-0.008928571428571397
2023-11-10,2745,2770,2695,2710,104023,-0.023423423423423406
2023-11-13,2725,2730,2665,2680,52485,-0.011070110701106972
2023-11-14,2690,2800,2685,2755,58882,0.027985074626865725
2023-11-15,2790,2790,2730,2775,53335,0.007259528130671544
2023-11-16,2770,2820,2765,2815,62147,0.01441441441441449
2023-11-17,2815,2815,2745,2750,78383,-0.023090586145648295
2023-11-20,2785,2850,2750,2810,48334,0.021818181818181737
2023-11-21,2825,2870,2795,2860,79291,0.017793594306049876
2023-11-22,2825,2860,2810,2840,52843,-0.006993006993006978
2023-11-23,2840,2885,2830,2855,52657,0.005281690140845008
2023-11-24,2855,2865,2815,2825,53532,-0.010507880910682998
2023-11-27,2810,2855,2795,2835,63314,0.003539823008849474
2023-11-28,2835,2865,2835,2860,34160,0.008818342151675429
2023-11-29,2860,2940,2850,2925,147899,0.022727272727272707
2023-11-30,2915,3310,2835,2860,1056321,-0.022222222222222254
2023-12-01,2820,2910,2810,2885,82930,0.00874125874125875
2023-12-04,2900,2915,2835,2885,80286,0.0
2023-12-05,2855,2895,2835,2855,50317,-0.010398613518197597
2023-12-06,2840,2870,2810,2860,60277,0.0017513134851139256
2023-12-07,2855,2860,2765,2800,217193,-0.020979020979020935
2023-12-08,2815,2845,2800,2845,39978,0.016071428571428514
2023-12-11,2865,2890,2840,2870,59087,0.008787346221441172
2023-12-12,2870,2875,2845,2860,47441,-0.0034843205574912606
2023-12-13,2835,2860,2800,2805,69469,-0.019230769230769273
2023-12-14,2820,2845,2790,2805,43825,0.0
2023-12-15,2800,2835,2770,2810,63140,0.0017825311942958333
2023-12-18,2830,2880,2810,2860,53923,0.017793594306049876
2023-12-19,2875,2875,2815,2850,43827,-0.0034965034965035446
2023-12-20,2860,2865,2830,2845,46762,-0.0017543859649122862
2023-12-21,2840,2905,2840,2885,56681,0.014059753954305698
2023-12-22,2885,2890,2860,2870,34186,-0.005199306759098743
2023-12-26,2880,3015,2850,2920,279624,0.017421602787456525
2023-12-27,2895,2905,2825,2845,90213,-0.025684931506849362
2023-12-28,2820,2855,2810,2845,35713,0.0
2024-01-02,2860,2870,2775,2845,130433,0.0
2024-01-03,2865,2865,2760,2790,115574,-0.019332161687170446
2024-01-04,2795,2795,2740,2755,82358,-0.012544802867383464
2024-01-05,2740,2770,2740,2750,41928,-0.001814882032667886
2024-01-08,2750,2780,2725,2770,38780,0.0072727272727273196
2024-01-09,2785,2815,2760,2805,30773,0.012635379061371799
2024-01-10,2805,2810,2760,2780,22544,-0.0089126559714795
2024-01-11,2765,2795,2760,2795,31750,0.0053956834532373765
2024-01-12,2795,2795,2750,2790,30178,-0.0017889087656529634
2024-01-15,2785,2795,2745,2760,45183,-0.010752688172043001
2024-01-16,2770,2770,2720,2755,33504,-0.0018115942028985588
2024-01-17,2755,2755,2690,2695,77035,-0.02177858439201452
2024-01-18,2720,2735,2680,2705,39457,0.0037105751391466324
2024-01-19,2705,2735,2700,2715,23043,0.003696857670979714
2024-01-22,2715,2715,2670,2705,75819,-0.0036832412523020164
2024-01-23,2705,2720,2660,2710,39100,0.001848428835489857
2024-01-24,2750,2750,2665,2695,44058,-0.005535055350553542
2024-01-25,2695,2695,2640,2665,89022,-0.011131725417439675
2024-01-26,2665,2685,2650,2670,24979,0.0018761726078799779
2024-01-29,2675,2675,2640,2665,63288,-0.0018726591760299671
2024-01-30,2655,2690,2655,2690,29786,0.009380863039399667
2024-01-31,2685,2705,2675,2690,21748,0.0
2024-02-01,2700,2705,2650,2700,54892,0.0037174721189590088
2024-02-02,2700,2725,2675,2725,32199,0.0092592592592593
2024-02-05,2740,2740,2690,2705,24921,-0.007339449541284404
2024-02-06,2710,2710,2670,2680,31849,-0.009242144177449174
2024-02-07,2660,2685,2650,2685,54359,0.001865671641791078
2024-02-08,2685,2705,2670,2690,16479,0.0018621973929235924
2024-02-13,2710,2710,2660,2700,46803,0.0037174721189590088
2024-02-14,2665,2705,2665,2705,25310,0.0018518518518517713
2024-02-15,2720,2720,2665,2705,43529,0.0
2024-02-16,2700,2705,2680,2705,42265,0.0
2024-02-19,2715,2715,2690,2705,32462,0.0
2024-02-20,2715,2715,2680,2690,20602,-0.00554528650646946
2024-02-21,2695,2695,2640,2655,117715,-0.013011152416356864
2024-02-22,2675,2675,2640,2655,22540,0.0
2024-02-23,2660,2990,2640,2820,6779776,0.062146892655367214
2024-02-26,2860,2860,2710,2765,531566,-0.019503546099290725
2024-02-27,2780,2780,2705,2705,245023,-0.02169981916817365
2024-02-28,2705,2760,2700,2735,84614,0.01109057301293892
2024-02-29,2755,2760,2705,2725,105686,-0.003656307129798919
2024-03-04,2745,2775,2710,2745,92551,0.007339449541284404
2024-03-05,2745,2745,2715,2725,59139,-0.007285974499089298
2024-03-06,2725,2815,2715,2785,126148,0.022018348623853212
2024-03-07,2795,2975,2760,2900,705603,0.04129263913824066
2024-03-08,2900,2935,2815,2840,129964,-0.020689655172413834
2024-03-11,2900,2980,2855,2910,226849,0.02464788732394374
2024-03-12,2905,2905,2825,2840,133003,-0.02405498281786944
2024-03-13,2840,3015,2840,2910,274170,0.02464788732394374
2024-03-14,2905,2995,2850,2880,112177,-0.010309278350515427
2024-03-15,2875,2985,2865,2960,149957,0.02777777777777768
2024-03-18,2955,3015,2910,2925,129692,-0.011824324324324342
2024-03-19,2905,2965,2860,2890,94725,-0.011965811965811923
2024-03-20,2890,2890,2840,2855,78630,-0.01211072664359858
2024-03-21,2855,2900,2840,2845,54164,-0.003502626970227629
2024-03-22,2830,2920,2830,2885,59406,0.014059753954305698
2024-03-25,2875,2935,2865,2935,96571,0.017331022530329365
2024-03-26,2935,2945,2890,2890,59813,-0.015332197614991494
2024-03-27,2920,2980,2880,2940,69126,0.01730103806228378
2024-03-28,2925,2940,2855,2870,80181,-0.023809523809523836
2024-03-29,2890,2890,2825,2845,43073,-0.008710801393728262
2024-04-01,2875,2875,2825,2870,54739,0.008787346221441172
2024-04-02,2895,2895,2800,2835,81577,-0.012195121951219523
2024-04-03,2820,2835,2795,2820,51737,-0.005291005291005346
2024-04-04,2800,2870,2785,2870,52591,0.01773049645390068
2024-04-05,2840,2860,2800,2840,57638,-0.010452961672473893
2024-04-08,2870,2875,2820,2820,83051,-0.007042253521126751
2024-04-09,2830,2930,2830,2910,183680,0.03191489361702127
2024-04-11,2875,2885,2725,2880,211255,-0.010309278350515427
2024-04-12,2845,2960,2845,2945,157129,0.02256944444444442
2024-04-15,2890,3015,2890,3000,222520,0.018675721561969505
2024-04-16,2990,3900,2835,3900,26806906,0.30000000000000004
2024-04-17,3780,4145,3685,3905,19860593,0.0012820512820512775
2024-04-18,3820,3905,3735,3905,6244042,0.0
2024-04-19,3850,4095,3510,3550,7543026,-0.09090909090909094
2024-04-22,3515,3890,3495,3675,9007180,0.035211267605633756
2024-04-23,3645,3785,3595,3615,2111527,-0.01632653061224487
2024-04-24,3565,3650,3500,3620,1127187,0.0013831258644536604
2024-04-25,3585,3600,3375,3440,1276343,-0.04972375690607733
2024-04-26,3465,3470,3350,3470,1154416,0.008720930232558155
2024-04-29,3470,3770,3425,3650,3055411,0.05187319884726227
2024-04-30,3590,3835,3545,3600,2928492,-0.013698630136986356
2024-05-02,3575,3770,3530,3695,1447478,0.026388888888888795
2024-05-03,3670,3690,3480,3490,921922,-0.05548037889039237
2024-05-07,3520,3645,3490,3515,765831,0.007163323782235054
2024-05-08,3530,3595,3360,3400,778654,-0.03271692745376953
2024-05-09,3400,3465,3280,3300,526063,-0.02941176470588236
2024-05-10,3320,3355,3235,3280,423570,-0.0060606060606061
2024-05-13,3335,3370,3200,3275,447026,-0.0015243902439023849
2024-05-14,3280,3380,3250,3275,312018,0.0
2024-05-16,3275,3450,3270,3365,698197,0.027480916030534264
2024-05-17,3365,3365,3225,3250,286760,-0.034175334323922724
2024-05-20,3325,3620,3295,3470,2357689,0.06769230769230772
2024-05-21,3470,3595,3350,3370,785233,-0.028818443804034533
2024-05-22,3370,3720,3300,3630,3841156,0.0771513353115727
2024-05-23,3535,3545,3430,3485,787928,-0.03994490358126723
2024-05-24,3430,3480,3350,3355,461424,-0.0373027259684362
2024-05-27,3350,3355,3110,3160,724968,-0.058122205663189264
2024-05-28,3135,3215,3090,3115,345841,-0.014240506329113889
2024-05-29,3105,3135,3050,3065,247096,-0.0160513643659711
2024-05-30,3040,3075,3010,3055,157680,-0.0032626427406199365
2024-05-31,3050,3125,3010,3060,180330,0.0016366612111293755
2024-06-03,3060,3130,3040,3130,144669,0.02287581699346397
2024-06-04,3130,3130,3040,3075,176148,-0.01757188498402551
2024-06-05,3055,3065,2970,3050,175734,-0.008130081300813052
2024-06-07,3020,3055,3000,3020,130717,-0.00983606557377048
2024-06-10,3020,3060,2970,3050,133113,0.009933774834437026
2024-06-11,3050,3055,2980,3000,154608,-0.016393442622950838
2024-06-12,3020,3070,2985,3025,88388,0.008333333333333304
2024-06-13,3045,3085,3035,3055,87927,0.009917355371900749
2024-06-14,3060,3060,2975,2975,141537,-0.026186579378068786
2024-06-17,2960,3060,2920,3055,200387,0.026890756302520913
2024-06-18,3050,3085,3010,3035,94970,-0.006546644844517169
2024-06-19,3030,3035,2960,2960,169838,-0.02471169686985175
2024-06-20,2950,2975,2920,2975,67694,0.0050675675675675436
2024-06-21,2965,2985,2865,2910,146017,-0.021848739495798353
2024-06-24,2910,3000,2875,2920,94632,0.0034364261168384758
2024-06-25,2895,2965,2875,2960,77223,0.013698630136986356
2024-06-26,2940,2995,2925,2960,79704,0.0
2024-06-27,2930,2965,2905,2925,92957,-0.011824324324324342
2024-06-28,2930,2975,2920,2970,60854,0.01538461538461533
2024-07-01,2945,3000,2925,2930,132099,-0.013468013468013518
2024-07-02,2965,2980,2885,2970,116590,0.013651877133105783
2024-07-03,2990,3275,2805,2805,2419012,-0.05555555555555558
2024-07-04,2825,2915,2775,2805,251785,0.0
2024-07-05,2800,2830,2735,2740,241643,-0.02317290552584672
2024-07-08,2750,2820,2740,2820,119946,0.029197080291970767
2024-07-09,2850,2855,2795,2820,102113,0.0
2024-07-10,2820,2840,2775,2780,110877,-0.014184397163120588
2024-07-11,2785,2840,2775,2780,135943,0.0
2024-07-12,2760,2795,2755,2795,63333,0.0053956834532373765
2024-07-15,2785,2885,2780,2815,82790,0.007155635062611854
2024-07-16,2800,2815,2775,2790,48503,-0.008880994671403242
2024-07-17,2790,2820,2770,2780,64587,-0.0035842293906810374
2024-07-18,2775,2775,2700,2725,116358,-0.01978417266187049
2024-07-19,2700,2750,2700,2745,59328,0.007339449541284404
2024-07-22,2745,2750,2640,2675,186585,-0.025500910746812377
2024-07-23,2675,2700,2630,2675,75955,0.0
2024-07-24,2670,2705,2650,2690,27885,0.005607476635514086
2024-07-25,2635,2670,2600,2660,108924,-0.01115241635687736
2024-07-26,2645,2670,2630,2665,69644,0.001879699248120259
2024-07-29,2665,2690,2655,2670,23982,0.0018761726078799779
2024-07-30,2665,2670,2610,2615,45619,-0.02059925093632964
2024-07-31,2600,2645,2590,2645,67955,0.011472275334607929
2024-08-01,2650,2705,2640,2665,47139,0.007561436672967936
2024-08-02,2655,2655,2555,2555,143521,-0.0412757973733584
2024-08-05,2540,2550,2200,2200,311540,-0.13894324853228968
2024-08-06,2100,2425,2100,2300,228711,0.045454545454545414
2024-08-07,2300,2435,2300,2405,61118,0.04565217391304355
2024-08-08,2380,2615,2340,2435,271861,0.012474012474012364
2024-08-09,2460,2535,2450,2470,76047,0.014373716632443578
2024-08-12,2490,2945,2425,2890,5437129,0.17004048582995956
2024-08-13,3240,3755,3045,3075,24828116,0.06401384083044981
2024-08-14,3070,3150,2950,2990,3383423,-0.027642276422764178
2024-08-16,2940,3125,2895,3050,5217802,0.02006688963210701
2024-08-19,2980,3040,2825,2895,1837084,-0.050819672131147575
2024-08-20,2860,3100,2810,2915,4336859,0.006908462867012188
2024-08-21,2865,2865,2730,2745,738605,-0.05831903945111494
2024-08-22,2740,2760,2545,2680,727479,-0.023679417122040025
2024-08-23,2620,2975,2580,2690,5100510,0.003731343283582156
2024-08-26,2705,2870,2630,2690,1180710,0.0
2024-08-27,2680,2730,2635,2660,402560,-0.01115241635687736
2024-08-28,2670,2685,2570,2580,396589,-0.03007518796992481
2024-08-29,2590,2610,2540,2560,228389,-0.007751937984496138
2024-08-30,2565,2620,2525,2590,258732,0.01171875
2024-09-02,2570,2595,2545,2555,107480,-0.013513513513513487
2024-09-03,2560,2605,2540,2560,78691,0.001956947162426559
2024-09-04,2510,2530,2415,2440,276580,-0.046875
2024-09-05,2425,2505,2365,2490,201439,0.020491803278688492
2024-09-06,2490,2525,2380,2435,189119,-0.02208835341365467
2024-09-09,2370,2480,2355,2475,95977,0.01642710472279263
2024-09-10,2455,2495,2410,2415,67374,-0.024242424242424288
2024-09-11,2405,2465,2385,2420,63279,0.0020703933747412417
2024-09-12,2435,2480,2405,2455,111987,0.01446280991735538
2024-09-13,2455,2550,2430,2480,166319,0.010183299389002087
2024-09-19,2470,2550,2430,2520,220276,0.016129032258064502
2024-09-20,2535,2555,2500,2525,73817,0.001984126984126977
2024-09-23,2510,2545,2490,2505,120048,-0.007920792079207928
2024-09-24,2485,2535,2485,2535,85383,0.011976047904191711
2024-09-25,2555,2620,2520,2555,158905,0.007889546351084853
2024-09-26,2550,2620,2550,2595,99681,0.015655577299412915
2024-09-27,2575,2610,2575,2595,82019,0.0
2024-09-30,2595,2630,2545,2550,71784,-0.017341040462427793
2024-10-02,2530,2600,2490,2535,101986,-0.00588235294117645
2024-10-04,2510,2590,2495,2530,81836,-0.0019723865877712132
2024-10-07,2525,2615,2525,2590,106212,0.02371541501976293
2024-10-08,2590,2595,2550,2575,84767,-0.00579150579150578
2024-10-10,2595,2605,2560,2585,123384,0.003883495145631022
2024-10-11,2605,2700,2520,2530,359135,-0.021276595744680882
2024-10-14,2555,2555,2500,2540,82500,0.0039525691699604515
2024-10-15,2520,2550,2480,2490,114358,-0.019685039370078705
2024-10-16,2485,2495,2450,2470,47826,-0.008032128514056214
2024-10-17,2490,2490,2445,2475,49615,0.002024291497975783
2024-10-18,2480,2480,2400,2425,93965,-0.02020202020202022
2024-10-21,2410,2450,2410,2450,58503,0.010309278350515427
2024-10-22,2430,2450,2345,2345,140572,-0.042857142857142816
2024-10-23,2320,2450,2320,2395,155627,0.021321961620469176
2024-10-24,2410,2420,2360,2375,40647,-0.008350730688935326
2024-10-25,2370,2450,2360,2390,84530,0.006315789473684275
2024-10-28,2390,2475,2390,2470,54543,0.03347280334728042
2024-10-29,2480,2500,2445,2485,39432,0.006072874493927127
2024-10-30,2485,2515,2450,2475,36675,-0.004024144869215318
2024-10-31,2445,2500,2415,2460,69947,-0.0060606060606061
2024-11-01,2460,2505,2425,2480,75228,0.008130081300812941
2024-11-04,2460,2510,2450,2480,42218,0.0
2024-11-05,2480,2515,2470,2480,29875,0.0
2024-11-06,2495,2515,2430,2450,56084,-0.012096774193548376
2024-11-07,2470,2520,2465,2470,61035,0.008163265306122547
2024-11-08,2475,2715,2250,2525,2047154,0.022267206477732726
2024-11-11,2535,2545,2410,2495,166699,-0.011881188118811892
2024-11-12,2460,2485,2355,2355,201030,-0.05611222444889774
2024-11-13,2330,2360,2235,2240,120411,-0.04883227176220806
2024-11-14,2235,2300,2235,2240,79018,0.0
2024-11-15,2200,2460,2200,2420,254463,0.0803571428571428
2024-11-18,2425,2700,2425,2700,562145,0.11570247933884303
2024-11-19,2655,3065,2610,2790,2926920,0.03333333333333344
2024-11-20,2745,2985,2735,2935,1106757,0.051971326164874654
2024-11-21,2935,3465,2920,3260,6014497,0.11073253833049401
2024-11-22,3230,3330,3190,3250,892290,-0.0030674846625766694
2024-11-25,3190,3240,2440,2595,2320786,-0.20153846153846156
2024-11-26,2700,2800,2645,2800,684647,0.07899807321772645
2024-11-27,2760,3035,2760,2895,766347,0.03392857142857153
2024-11-28,2890,3010,2865,2895,312228,0.0
2024-11-29,2885,2945,2835,2870,131799,-0.008635578583765069
2024-12-02,2870,2930,2820,2865,171163,-0.0017421602787456303
2024-12-03,2820,2940,2820,2925,130249,0.020942408376963373
2024-12-04,2810,2930,2595,2640,772455,-0.09743589743589742
2024-12-05,2640,2730,2600,2635,300862,-0.0018939393939394478
2024-12-06,2620,2660,2365,2430,792126,-0.07779886148007586
2024-12-09,2500,2510,2250,2385,750595,-0.01851851851851849
2024-12-10,2380,2585,2380,2520,470610,0.05660377358490565
2024-12-11,2560,2800,2550,2775,578074,0.10119047619047628
2024-12-12,2725,3170,2690,2930,2931027,0.05585585585585595
2024-12-13,2855,2925,2705,2725,878030,-0.06996587030716728
2024-12-16,2725,2845,2710,2810,534324,0.031192660550458662
2024-12-17,2850,2915,2755,2785,503815,-0.008896797153024938
2024-12-18,2745,2825,2725,2750,248143,-0.012567324955116699
2024-12-19,2710,2880,2695,2790,701865,0.014545454545454639
2024-12-20,2720,2745,2525,2550,497716,-0.08602150537634412
2024-12-23,2570,2670,2550,2610,183353,0.0235294117647058
2024-12-24,2655,2660,2535,2595,148267,-0.005747126436781658
2024-12-26,2585,2630,2530,2545,266339,-0.019267822736030782
2024-12-27,2540,2545,2465,2520,131933,-0.00982318271119842
2024-12-30,2515,2555,2450,2495,133149,-0.009920634920634885
2025-01-02,2510,2565,2490,2550,111044,0.022044088176352616
2025-01-03,2550,2625,2550,2605,216288,0.021568627450980316
2025-01-06,2605,2625,2550,2580,134815,-0.009596928982725572
2025-01-07,2570,2650,2565,2635,185977,0.02131782945736438
2025-01-08,2635,2660,2585,2600,152301,-0.013282732447817858
2025-01-09,2650,2660,2610,2625,117312,0.009615384615384581
2025-01-10,2625,2660,2600,2660,89380,0.01333333333333342
2025-01-13,2650,2650,2575,2590,96637,-0.02631578947368418
2025-01-14,2580,2655,2580,2645,79291,0.021235521235521304
2025-01-15,2655,2660,2595,2625,112858,-0.007561436672967825
2025-01-16,2625,2655,2605,2630,115370,0.0019047619047618536
2025-01-17,2640,2740,2605,2730,223412,0.03802281368821303
2025-01-20,2730,2730,2620,2630,256034,-0.03663003663003661
2025-01-21,2630,2690,2550,2660,172802,0.011406844106463865
2025-01-22,2675,2695,2635,2685,158702,0.009398496240601517
2025-01-23,2680,2685,2615,2615,91856,-0.02607076350093107
2025-01-24,2615,2685,2615,2635,78476,0.007648183556405286
2025-01-31,2605,2635,2540,2560,132570,-0.028462998102466774
2025-02-03,2580,2580,2485,2500,160906,-0.0234375
2025-02-04,2510,2600,2510,2600,98115,0.040000000000000036
2025-02-05,2580,2630,2570,2585,76126,-0.005769230769230749
2025-02-06,2585,2600,2550,2565,88384,-0.007736943907156624
2025-02-07,2565,2580,2520,2520,62597,-0.01754385964912286
2025-02-10,2495,2575,2490,2560,95964,0.015873015873015817
2025-02-11,2545,2590,2520,2550,95038,-0.00390625
2025-02-12,2530,2550,2485,2490,108846,-0.02352941176470591
2025-02-13,2495,2560,2490,2520,78634,0.012048192771084265
2025-02-14,2505,2580,2505,2560,76219,0.015873015873015817
2025-02-17,2560,2590,2535,2575,82288,0.005859375
2025-02-18,2575,2605,2570,2580,39143,0.001941747572815622
2025-02-19,2600,2630,2580,2590,55962,0.003875968992248069
2025-02-20,2595,2610,2560,2590,44505,0.0
2025-02-21,2575,2605,2550,2560,37336,-0.01158301158301156
2025-02-24,2530,2565,2520,2565,47336,0.001953125
2025-02-25,2540,2595,2490,2500,128316,-0.025341130604288553
2025-02-26,2500,2540,2475,2495,220975,-0.0020000000000000018
2025-02-27,2495,2505,2410,2450,111661,-0.018036072144288595
2025-02-28,2410,2425,2380,2425,116367,-0.010204081632653073
2025-03-04,2370,2425,2355,2380,91736,-0.01855670103092788
2025-03-05,2380,2460,2380,2455,56189,0.03151260504201692
2025-03-06,2440,2495,2400,2420,42492,-0.014256619144602856
2025-03-07,2410,2450,2390,2405,41891,-0.006198347107438051
2025-03-10,2410,2450,2390,2435,66269,0.012474012474012364
2025-03-11,2405,2435,2380,2430,60100,-0.002053388090349051
2025-03-12,2400,2490,2400,2450,52199,0.008230452674897082
2025-03-13,2450,2480,2420,2430,53848,-0.008163265306122436
2025-03-14,2410,2465,2410,2455,24594,0.010288065843621297
2025-03-17,2465,2590,2375,2395,354480,-0.024439918533604943
2025-03-18,2395,2470,2395,2430,35228,0.014613778705636848
2025-03-19,2410,2470,2410,2465,111750,0.014403292181069949
2025-03-20,2475,2540,2450,2475,127002,0.0040567951318457585
2025-03-21,2465,2485,2415,2440,63553,-0.014141414141414121
2025-03-24,2405,2485,2405,2440,125460,0.0
2025-03-25,2440,2500,2440,2465,68433,0.010245901639344357
2025-03-26,2495,2560,2365,2370,359439,-0.03853955375253548
2025-03-27,2400,2405,2265,2265,307365,-0.044303797468354444
2025-03-28,2285,2300,2240,2275,106848,0.004415011037527616
2025-03-31,2260,2280,2225,2240,49096,-0.01538461538461533
2025-04-01,2250,2355,2240,2335,59273,0.04241071428571419
2025-04-02,2345,2350,2290,2315,31923,-0.008565310492505307
2025-04-03,2310,2350,2265,2325,60440,0.004319654427645814
2025-04-04,2300,2365,2270,2360,89251,0.01505376344086029
2025-04-07,2340,2340,2230,2245,130052,-0.048728813559322015
2025-04-08,2245,2345,2245,2320,79301,0.03340757238307357
2025-04-09,2315,2325,2250,2250,72132,-0.030172413793103425
2025-04-10,2270,2370,2270,2335,81130,0.03777777777777769
2025-04-11,2290,2370,2290,2370,127389,0.01498929336188426
2025-04-14,2370,2425,2360,2370,120977,0.0
2025-04-15,2360,2420,2360,2380,82652,0.00421940928270037
2025-04-16,2385,2400,2355,2380,28144,0.0
2025-04-17,2365,2430,2365,2390,104552,0.004201680672268893
2025-04-18,2395,2420,2372,2415,23464,0.010460251046025215
2025-04-21,2400,2440,2350,2385,135701,-0.012422360248447228
2025-04-22,2380,2410,2370,2395,50314,0.004192872117400492
2025-04-23,2405,2440,2395,2420,89397,0.010438413361169019
2025-04-24,2430,2430,2405,2425,89916,0.0020661157024792765
2025-04-25,2430,2430,2405,2415,18659,-0.004123711340206171
2025-04-28,2415,2415,2380,2400,49344,-0.006211180124223614
2025-04-29,2405,2420,2380,2405,102041,0.002083333333333437
2025-04-30,2460,2460,2375,2375,151467,-0.012474012474012475
2025-05-02,2400,2430,2385,2405,56392,0.012631578947368327
2025-05-07,2350,2400,2340,2370,94983,-0.014553014553014498
2025-05-08,2370,2400,2360,2390,12512,0.00843881856540074
2025-05-09,2400,2400,2360,2385,12583,-0.0020920502092049986
2025-05-12,2385,2400,2360,2380,36466,-0.002096436058700246
2025-05-13,2385,2390,2365,2380,23235,0.0
2025-05-14,2380,2395,2360,2385,46664,0.0021008403361344463
2025-05-15,2395,2395,2360,2370,43283,-0.0062893081761006275
2025-05-16,2380,2380,2320,2355,77705,-0.006329113924050667
2025-05-19,2355,2395,2320,2350,82127,-0.002123142250530785
2025-05-20,2355,2380,2330,2345,8800,-0.0021276595744680327
2025-05-21,2345,2380,2330,2370,31248,0.010660980810234477
2025-05-22,2370,2370,2300,2325,61647,-0.01898734177215189
2025-05-23,2315,2375,2315,2340,23046,0.006451612903225712
2025-05-26,2310,2340,2310,2310,22699,-0.012820512820512775
2025-05-27,2325,2340,2300,2310,16004,0.0
2025-05-28,2320,2335,2305,2320,17759,0.0043290043290042934
2025-05-29,2330,2425,2315,2390,97090,0.030172413793103425
2025-05-30,2395,2410,2345,2385,13110,-0.0020920502092049986
2025-06-02,2385,2410,2360,2385,35380,0.0
2025-06-04,2390,2420,2370,2385,65619,0.0
2025-06-05,2405,2405,2375,2400,33148,0.0062893081761006275
2025-06-09,2400,2475,2400,2460,162667,0.02499999999999991
2025-06-10,2440,2485,2435,2470,44781,0.004065040650406582
2025-06-11,2470,2480,2430,2445,45316,-0.010121457489878583
2025-06-12,2445,2460,2420,2445,30097,0.0
2025-06-13,2440,2440,2375,2410,49057,-0.014314928425357865
2025-06-16,2410,2410,2370,2380,68653,-0.012448132780082943
2025-06-17,2365,2440,2365,2390,13763,0.004201680672268893
2025-06-18,2390,2400,2375,2400,11562,0.004184100418409997
2025-06-19,2400,2420,2380,2400,16668,0.0
2025-06-20,2400,2425,2375,2410,29582,0.004166666666666652
2025-06-23,2410,2410,2375,2395,12135,-0.006224066390041472
2025-06-24,2400,2435,2400,2425,25005,0.012526096033402823
2025-06-25,2435,2435,2375,2425,62431,0.0
2025-06-26,2410,2450,2395,2405,61262,-0.008247422680412342
2025-06-27,2400,2415,2390,2395,12691,-0.004158004158004158
2025-06-30,2400,2410,2370,2390,14504,-0.0020876826722338038
2025-07-01,2400,2445,2360,2395,74603,0.0020920502092049986
2025-07-02,2405,2445,2360,2400,85696,0.0020876826722338038
2025-07-03,2415,2465,2405,2415,46963,0.006250000000000089
2025-07-04,2415,2420,2395,2415,8642,0.0
2025-07-07,2410,2430,2385,2425,52027,0.0041407867494824835
2025-07-08,2425,2425,2390,2420,11526,-0.0020618556701030855
2025-07-09,2465,2515,2420,2425,134256,0.0020661157024792765
